position,wt_aa,conservation,n_mutants,entropy,top_mutant,freq_top_mut
1,M,0.1316693382184566,20,4.08284117867755,V,0.08621479276391115
2,T,0.11312113579116098,20,3.665170352922166,S,0.16201053354705747
3,L,0.16796427753606594,20,3.9546249669289737,A,0.10132814288985574
4,D,0.06343027249828258,20,3.9298946739007024,L,0.0985802610487749
5,L,0.0328600870162583,20,4.003922856045437,R,0.10464850011449507
6,P,0.09182505152278451,20,4.0626721565386195,L,0.10819784749255781
7,R,0.2056331577742157,20,3.7571163321173096,N,0.11529654224868331
8,R,0.26001831921227386,20,3.6400287775264735,P,0.106594916418594
9,F,0.03205862147927639,20,3.720352643387868,S,0.15949164185940004
10,P,0.22589878635218685,19,3.7009203436642717,R,0.15182047171971605
11,W,0.18456606365926265,20,3.8917200031619834,P,0.09961071673918022
12,P,0.12010533547057477,20,3.9180148183643273,S,0.11884588962674605
13,T,0.09216853675291962,20,3.7976021577267716,W,0.11861689947332264
14,L,0.16498740554156172,19,3.6406314864044047,L,0.16498740554156172
15,L,0.25280512937943667,20,3.4373817894664884,S,0.17884130982367757
16,S,0.11106022441035035,19,3.282754677068636,L,0.16807877261277765
17,V,0.24250057247538356,20,3.3699660092717068,L,0.18948935195786581
18,C,0.051866269750400734,18,3.2845867161675786,A,0.1555988092512022
19,I,0.1401419738951225,18,3.138207789956028,V,0.195557591023586
20,H,0.2699793908861919,19,3.429042687570156,A,0.1715136249141287
21,G,0.21170139683993588,20,3.2127183732334665,L,0.16212502862376918
22,A,0.1465536981909778,18,3.3917841290676716,V,0.19807648271124342
23,V,0.22429585527822304,19,3.1333609955172044,V,0.22429585527822304
24,V,0.24627891000686972,17,3.194171546252381,A,0.1720861002976872
25,A,0.23540187771925808,19,3.269498817410324,V,0.18227616212502862
26,G,0.13670712159377146,17,3.2009241079612756,V,0.1481566292649416
27,L,0.18983283718800092,19,3.4697299815101013,A,0.18536752919624455
28,L,0.1715136249141287,20,3.601658725586422,A,0.15170597664300436
29,Y,0.0411037325395008,20,3.374983263925051,F,0.19532860087016257
30,T,0.07762766201053355,20,3.834032816131372,Y,0.11186168994733227
31,S,0.10075566750629723,20,3.866410714456219,H,0.10316006411724296
32,V,0.0657201740325166,20,4.148398608831069,A,0.0816349896954431
33,H,0.058621479276391115,20,4.095097430010205,S,0.10373253950080147
34,Q,0.06697961987634532,20,4.016699261408218,T,0.10567895580490039
35,V,0.11312113579116098,20,4.080967513041761,Q,0.08861918937485688
36,I,0.020723608884817953,20,3.9895745175549657,V,0.11106022441035035
37,E,0.07487978016945271,20,3.965695830465053,P,0.10052667735287382
38,L,0.052782230364094344,20,3.7210566789584667,P,0.12857797114724068
39,P,0.11163269979390886,20,3.8535743917997434,P,0.11163269979390886
40,A,0.07911609800778567,19,3.7986710568515125,E,0.13647813144034807
41,P,0.18628348980993817,20,3.7515434236184984,A,0.1317838332951683
42,A,0.14540874742386078,20,3.814375452652097,A,0.14540874742386078
43,Q,0.07694069155026334,19,3.839490949099117,S,0.10945729333638654
44,P,0.12182276162125029,20,3.827175222593213,P,0.12182276162125029
45,I,0.06423173803526448,20,3.54753851576233,P,0.16601786123196702
46,S,0.09983970689260362,20,3.7537179122583586,S,0.09983970689260362
47,V,0.24433249370277077,19,3.6381312205951004,T,0.11655598809251203
48,T,0.07499427524616442,20,3.264857393460339,I,0.20780856423173805
49,M,0.02805129379436684,19,3.5064006699168657,T,0.16762079230593085
50,V,0.3185253034119533,20,3.187759305607556,T,0.17139912983741698
51,T,0.14334783604305015,20,3.6355800523354915,T,0.14334783604305015
52,P,0.09182505152278451,20,3.7386570390221303,L,0.11346462102129608
53,A,0.11174719487062057,20,3.723104365164494,V,0.14288985573620333
54,D,0.059651934966796424,19,3.741457782267764,A,0.12090680100755667
55,L,0.08644378291733455,20,3.8129906749648583,A,0.13430272498282575
56,E,0.19784749255782003,20,3.788034675717654,P,0.12033432562399816
57,P,0.12720403022670027,20,3.7981644877375875,P,0.12720403022670027
58,P,0.16017861231967026,20,3.6996864733350088,A,0.13063888252805128
59,Q,0.09720632012823449,20,3.6009333197611553,A,0.12193725669796199
60,A,0.09113808106251431,20,3.509025820064765,E,0.14930158003205862
61,V,0.13865353789787038,19,3.485067346433142,V,0.13865353789787038
62,Q,0.03400503778337532,19,3.291062342807423,V,0.18319212273872224
63,P,0.36615525532402105,19,3.020866254713933,V,0.15204946187313945
64,P,0.27478818410808337,19,2.7851653620147516,P,0.27478818410808337
65,P,0.3363865353789787,19,2.8496907116083667,V,0.23299748110831234
66,E,0.22921914357682618,18,3.1376252629648533,P,0.21032745591939547
67,P,0.2715823219601557,19,2.9060812769097333,P,0.2715823219601557
68,V,0.10075566750629723,19,2.6316901367198455,P,0.33673002060911383
69,V,0.11220517517746736,19,2.5825428171442395,E,0.28406228532173117
70,E,0.2776505610258759,16,2.3962285037773885,E,0.2776505610258759
71,P,0.3613464621021296,18,2.7144832560680032,E,0.2718113121135791
72,E,0.41023585985802613,18,2.6291791301653467,P,0.23723379894664529
73,P,0.4279825967483398,17,2.433842227545061,E,0.253835585069842
74,E,0.3839019922143348,17,2.757963239804798,P,0.2130753377604763
75,P,0.4334783604305015,19,2.2444643345029474,E,0.35768261964735515
76,E,0.45603389054270665,18,2.385623387277141,P,0.2842912754751546
77,P,0.33913441722005955,19,2.471804416072487,P,0.33913441722005955
78,I,0.012937943668422257,19,2.541698973333428,P,0.27478818410808337
79,P,0.3992443324937028,19,2.592299307089885,E,0.303297458209297
80,E,0.4103503549347378,20,2.578311036049047,P,0.2607052896725441
81,P,0.33260819784749257,17,2.8308336283895805,E,0.2777650561025876
82,P,0.24295855278223036,20,2.936055934127937,P,0.24295855278223036
83,K,0.056446072818868785,19,2.9101921935260733,E,0.24032516601786122
84,E,0.22612777650561025,19,3.1276126553196004,V,0.21742615067552096
85,A,0.02049461873139455,19,3.1826924399543626,V,0.21983054728646667
86,P,0.21616670483169223,19,3.2825651948107804,P,0.21616670483169223
87,V,0.14254637050606825,19,3.169118985734555,P,0.18204717197160522
88,V,0.12766201053354706,19,3.1202609059200146,K,0.18445156858255096
89,I,0.03675291962445615,19,3.0208846382897803,K,0.18468055873597436
90,E,0.12640256468971833,19,2.9679772766358634,P,0.19567208610029768
91,K,0.3101671628119991,19,2.9950436838875274,P,0.22452484543164644
92,P,0.2303640943439432,19,2.686444630887499,P,0.2303640943439432
93,K,0.2852072360888482,19,2.811057890826911,K,0.2852072360888482
94,P,0.3027249828257385,18,2.531640652802421,P,0.3027249828257385
95,K,0.28887107854362265,18,2.8675154547571835,K,0.28887107854362265
96,P,0.17861231967025418,19,2.769627367115129,P,0.17861231967025418
97,K,0.34909548889397757,19,2.7956629034429383,P,0.30799175635447673
98,P,0.23460041218227617,18,2.5643170153897468,P,0.23460041218227617
99,K,0.37359743531028167,18,2.806745407626717,P,0.26001831921227386
100,P,0.21651019006182734,17,2.4910403990318026,P,0.21651019006182734
101,K,0.3590565605678956,18,2.616296899109371,P,0.32951683077627664
102,P,0.27891000686970463,18,2.395247225917617,P,0.27891000686970463
103,V,0.10831234256926953,18,2.7234027570871078,P,0.26597206320128236
104,K,0.38012365468284864,19,2.9913377775003576,P,0.17013968399358828
105,K,0.3389054270666361,20,2.9565707533858125,P,0.21719716052209756
106,V,0.12422715823219602,19,3.1068818448314888,P,0.1643004350812915
107,Q,0.04980535836959011,19,3.131968287841154,P,0.14575223265399587
108,E,0.06915502633386765,19,3.1357842445233968,P,0.1643004350812915
109,Q,0.08529883215021754,19,3.3309054373370626,V,0.17403251660178612
110,P,0.1717426150675521,19,3.277800935736861,V,0.18926036180444242
111,K,0.22566979619876346,19,3.3724503312000755,E,0.1462102129608427
112,R,0.0739638195557591,19,3.3575322765942492,K,0.1639569498511564
113,D,0.013739409205404167,19,3.1665816835905196,P,0.15021754064575224
114,V,0.16670483169223724,20,3.3365898872985413,V,0.16670483169223724
115,K,0.24914128692466225,20,3.4905714597171054,P,0.13315777421570874
116,P,0.13762308220746508,20,3.419219617889451,E,0.1559422944813373
117,V,0.09445843828715365,20,3.7051901545486157,P,0.130753377604763
118,E,0.1231967025417907,20,3.767929608499715,E,0.1231967025417907
119,S,0.1228532173116556,20,3.8131959301736233,S,0.1228532173116556
120,R,0.04385161438058163,20,3.919512017578924,E,0.09697732997481108
121,P,0.18594000457980306,19,3.6455348466966613,A,0.17036867414701168
122,A,0.13762308220746508,20,3.83052230007401,A,0.13762308220746508
123,S,0.0905656056789558,20,3.6190432606964387,A,0.15010304556904053
124,P,0.09365697275017175,20,3.8052555067981975,S,0.11815891916647585
125,F,0.027478818410808334,20,3.817454468792861,P,0.12800549576368217
126,E,0.03217311655598809,20,3.75580493040959,P,0.1464392031142661
127,N,0.061369361117471946,20,3.869914660729409,P,0.12903595145408747
128,T,0.0818639798488665,20,3.846703440211087,S,0.10716739180215251
129,A,0.16636134646210213,20,3.648901692597533,S,0.1559422944813373
130,P,0.09995420196931531,20,3.770208928423329,S,0.16681932676894892
131,A,0.19132127318525302,20,3.4967458187587024,A,0.19132127318525302
132,R,0.023700480879322187,20,3.6922030855427828,A,0.1401419738951225
133,L,0.016601786123196703,20,3.6198745613970247,A,0.14517975727043736
134,T,0.1392260132814289,20,3.507735465558113,S,0.15376688802381497
135,S,0.14540874742386078,20,3.5152641639561417,T,0.15411037325395008
136,S,0.1308678726814747,20,3.383557777621535,P,0.17700938859629037
137,T,0.19750400732768492,20,3.367941084363392,T,0.19750400732768492
138,A,0.2770780856423174,20,3.3355194978046496,S,0.19132127318525302
139,T,0.17918479505381268,20,3.316683261445797,T,0.17918479505381268
140,A,0.25830089306159837,20,3.258953582968848,S,0.19830547286466682
141,A,0.2759331348752004,20,3.344359365478707,T,0.18422257842912754
142,T,0.13224181360201512,20,3.627013961363709,S,0.13384474467597893
143,S,0.17277307075795742,20,3.401813430292899,T,0.19006182734142432
144,K,0.022784520265628577,20,3.3334884055627367,S,0.2050606823906572
145,P,0.06274330203801237,20,3.4793313266674786,A,0.186741470116785
146,V,0.0738493244790474,20,3.2419764225933134,A,0.204373711930387
147,T,0.1557133043279139,20,3.429467016471206,A,0.17357453629493932
148,S,0.21799862605907946,20,3.4347610069932273,T,0.1720861002976872
149,V,0.08804671399129838,20,3.6009075555800285,S,0.14380581634989695
150,A,0.21009846576597208,20,3.551842060565984,S,0.17403251660178612
151,S,0.1229677123883673,20,3.7762869400274863,T,0.13441722005953743
152,G,0.03698190977787955,20,3.624261481680791,P,0.13384474467597893
153,P,0.08026104877490269,20,3.7524497879169405,S,0.15193496679642776
154,R,0.05198076482711243,20,3.9720336937899448,S,0.1312113579116098
155,A,0.16166704831692238,20,3.895064131165164,S,0.13670712159377146
156,L,0.03766888023814976,20,3.77474313681387,A,0.1397984886649874
157,S,0.12010533547057477,20,3.8917026734703666,S,0.12010533547057477
158,R,0.05885046942981452,20,3.8157780227725557,V,0.13395923975269064
159,N,0.03217311655598809,20,3.9053070216470567,S,0.12846347607052896
160,Q,0.04579803068468056,20,3.821723729128005,P,0.15182047171971605
161,P,0.16166704831692238,20,3.9746228161149304,A,0.0897641401419739
162,Q,0.05621708266544539,20,4.039825785774838,A,0.09640485459125257
163,Y,0.02862376917792535,20,3.8663741140316965,A,0.1329287840622853
164,P,0.10018319212273873,20,4.007305189489484,P,0.10018319212273873
165,A,0.10167162811999084,20,3.982021152971212,A,0.10167162811999084
166,R,0.10087016258300893,20,4.0487330970963065,R,0.10087016258300893
167,A,0.12743302038012366,20,3.969523408883666,R,0.10464850011449507
168,Q,0.09125257613922601,20,4.0735623652211554,A,0.10178612319670254
169,A,0.14151591481566292,20,3.9790712017539542,R,0.10487749026791848
170,L,0.03251660178612319,20,4.01906220112151,R,0.10075566750629723
171,R,0.08484085184337073,20,4.183399528896887,R,0.08484085184337073
172,I,0.014769864895809481,20,4.010012235693197,E,0.0978932905885047
173,E,0.036523929471032744,20,4.062159997189097,V,0.10132814288985574
174,G,0.11220517517746736,20,4.053374803087489,V,0.10316006411724296
175,Q,0.07991756354476758,20,3.9616611599806633,D,0.08541332722692924
176,V,0.06377375772841767,20,4.034295208906622,P,0.09239752690634302
177,K,0.016830776276620104,20,4.012508740074189,V,0.1238836730020609
178,V,0.07854362262422716,20,4.0837821302379025,S,0.09285550721318983
179,K,0.03755438516143806,20,3.9411200189347984,P,0.1305243874513396
180,F,0.028967254408060455,20,4.114719254440847,V,0.0980077856652164
181,D,0.037325395008014656,20,3.9830403550082685,Q,0.08495534692008244
182,V,0.0896496450652622,20,4.015166317389296,Q,0.09182505152278451
183,T,0.03755438516143806,20,4.0293299504419,V,0.0980077856652164
184,P,0.020838103961529655,20,3.990296532738084,V,0.1067094114953057
185,D,0.03686741470116785,19,3.8815876042072452,G,0.09365697275017175
186,G,0.08346691092283032,20,3.9201800112781937,V,0.08667277307075796
187,R,0.06629264941607511,19,3.8728414940986933,I,0.08106251431188459
188,V,0.12937943668422258,20,4.041082597788165,D,0.10934279825967483
189,D,0.04991985344630181,20,3.970003328606477,N,0.11758644378291734
190,N,0.05575910235859858,20,3.91854467046558,R,0.09892374627891001
191,V,0.22784520265628577,20,3.8520136998791137,K,0.09617586443782918
192,Q,0.04522555530112205,20,4.050102246744251,D,0.10487749026791848
193,I,0.061712846347607056,20,3.9782031328707914,Q,0.08300893061598351
194,L,0.015227845202656286,20,3.9957060153111796,A,0.08747423860773987
195,S,0.09972521181589192,20,4.025522755677945,F,0.0985802610487749
196,A,0.10991527364323334,20,4.033740749858373,A,0.10991527364323334
197,K,0.07568124570643463,20,4.119339747537697,D,0.08037554385161438
198,P,0.010991527364323335,20,3.9842388366291073,D,0.1060224410350355
199,A,0.06720861002976872,20,3.9818941258474476,E,0.10281657888710785
200,N,0.03572246393405083,20,3.907165863636619,R,0.10109915273643233
201,M,0.034234027936798715,20,4.0969724112887,A,0.08552782230364095
202,F,0.019120677810854133,20,4.029389567397117,A,0.10350354934737806
203,E,0.05117929929013052,20,4.066329668898592,V,0.11861689947332264
204,R,0.11037325395008014,20,4.057838240033734,A,0.09480192351728875
205,E,0.05919395465994962,20,4.0188169703537096,N,0.09903824135562171
206,V,0.14346233111976184,20,3.95405350351664,A,0.11621250286237692
207,K,0.13544767574994276,20,3.989959024990231,A,0.106594916418594
208,N,0.056446072818868785,20,4.078470147507923,S,0.09331348752003664
209,A,0.06743760018319213,20,4.104864594242684,M,0.09251202198305473
210,M,0.020723608884817953,20,4.035148448845427,Q,0.11346462102129608
211,R,0.08667277307075796,20,4.131251218258829,V,0.09560338905427067
212,R,0.04224868330661782,20,4.014280958354275,A,0.13189832837188
213,W,0.014540874742386077,20,4.127722544570481,K,0.0985802610487749
214,R,0.05793450881612091,20,4.1306292022452515,M,0.08426837645981222
215,Y,0.01580032058621479,20,4.09697084588806,P,0.09571788413098237
216,E,0.06331577742157088,20,4.138752872592795,V,0.08701625830089306
217,P,0.05976643004350813,20,4.164107675236545,K,0.08655827799404625
218,G,0.03686741470116785,20,4.131793116120502,K,0.090107625372109
219,K,0.06251431188458896,20,4.056384520337597,F,0.1143805816349897
220,P,0.03709640485459125,20,4.177772182807455,Q,0.08083352415846119
221,G,0.073620334325624,20,4.155048892621469,N,0.07499427524616442
222,S,0.07510877032287612,20,4.029497071761493,V,0.07568124570643463
223,G,0.07098694756125487,20,4.037418699389878,A,0.10911380810625143
224,I,0.06915502633386765,20,4.099951827417888,V,0.08415388138310052
225,V,0.12273872223494389,20,4.101548351627691,I,0.08472635676665903
226,V,0.09674833982138768,20,4.00622231571622,V,0.09674833982138768
227,N,0.041447217769635905,20,3.9941282965533293,V,0.08495534692008244
228,I,0.060453400503778336,20,3.792931366011161,R,0.08323792076940692
229,L,0.023128005495763684,20,3.7858062798035057,V,0.08724524845431647
230,F,0.009274101213647813,20,3.721436938248221,V,0.10006869704602703
231,K,0.09503091367071216,20,3.645766655384671,R,0.07774215708724524
232,I,0.04339363407373483,20,3.7240567075694213,D,0.08094801923517289
233,N,0.04259216853675292,20,3.666072952227145,Q,0.08335241584611862
234,G,0.08392489122967713,20,3.5980369678250828,G,0.08392489122967713
235,T,0.017861231967025416,20,3.3466111702469856,K,0.10888481795282803
236,T,0.0411037325395008,20,3.3915830990098823,D,0.055988092512021984
237,E,0.017288756583466913,20,3.325233850104485,Q,0.07133043279138997
238,I,0.03801236546828486,20,2.875804935236927,S,0.06812457064346233
239,Q,0.051408289443553926,19,2.792018106708891,G,0.061369361117471946
