,CTriad_g1.g1.g1,CTriad_g1.g1.g2,CTriad_g1.g1.g3,CTriad_g1.g1.g4,CTriad_g1.g1.g5,CTriad_g1.g1.g6,CTriad_g1.g1.g7,CTriad_g1.g2.g1,CTriad_g1.g2.g2,CTriad_g1.g2.g3,CTriad_g1.g2.g4,CTriad_g1.g2.g5,CTriad_g1.g2.g6,CTriad_g1.g2.g7,CTriad_g1.g3.g1,CTriad_g1.g3.g2,CTriad_g1.g3.g3,CTriad_g1.g3.g4,CTriad_g1.g3.g5,CTriad_g1.g3.g6,CTriad_g1.g3.g7,CTriad_g1.g4.g1,CTriad_g1.g4.g2,CTriad_g1.g4.g3,CTriad_g1.g4.g4,CTriad_g1.g4.g5,CTriad_g1.g4.g6,CTriad_g1.g4.g7,CTriad_g1.g5.g1,CTriad_g1.g5.g2,CTriad_g1.g5.g3,CTriad_g1.g5.g4,CTriad_g1.g5.g5,CTriad_g1.g5.g6,CTriad_g1.g5.g7,CTriad_g1.g6.g1,CTriad_g1.g6.g2,CTriad_g1.g6.g3,CTriad_g1.g6.g4,CTriad_g1.g6.g5,CTriad_g1.g6.g6,CTriad_g1.g6.g7,CTriad_g1.g7.g1,CTriad_g1.g7.g2,CTriad_g1.g7.g3,CTriad_g1.g7.g4,CTriad_g1.g7.g5,CTriad_g1.g7.g6,CTriad_g1.g7.g7,CTriad_g2.g1.g1,CTriad_g2.g1.g2,CTriad_g2.g1.g3,CTriad_g2.g1.g4,CTriad_g2.g1.g5,CTriad_g2.g1.g6,CTriad_g2.g1.g7,CTriad_g2.g2.g1,CTriad_g2.g2.g2,CTriad_g2.g2.g3,CTriad_g2.g2.g4,CTriad_g2.g2.g5,CTriad_g2.g2.g6,CTriad_g2.g2.g7,CTriad_g2.g3.g1,CTriad_g2.g3.g2,CTriad_g2.g3.g3,CTriad_g2.g3.g4,CTriad_g2.g3.g5,CTriad_g2.g3.g6,CTriad_g2.g3.g7,CTriad_g2.g4.g1,CTriad_g2.g4.g2,CTriad_g2.g4.g3,CTriad_g2.g4.g4,CTriad_g2.g4.g5,CTriad_g2.g4.g6,CTriad_g2.g4.g7,CTriad_g2.g5.g1,CTriad_g2.g5.g2,CTriad_g2.g5.g3,CTriad_g2.g5.g4,CTriad_g2.g5.g5,CTriad_g2.g5.g6,CTriad_g2.g5.g7,CTriad_g2.g6.g1,CTriad_g2.g6.g2,CTriad_g2.g6.g3,CTriad_g2.g6.g4,CTriad_g2.g6.g5,CTriad_g2.g6.g6,CTriad_g2.g6.g7,CTriad_g2.g7.g1,CTriad_g2.g7.g2,CTriad_g2.g7.g3,CTriad_g2.g7.g4,CTriad_g2.g7.g5,CTriad_g2.g7.g6,CTriad_g2.g7.g7,CTriad_g3.g1.g1,CTriad_g3.g1.g2,CTriad_g3.g1.g3,CTriad_g3.g1.g4,CTriad_g3.g1.g5,CTriad_g3.g1.g6,CTriad_g3.g1.g7,CTriad_g3.g2.g1,CTriad_g3.g2.g2,CTriad_g3.g2.g3,CTriad_g3.g2.g4,CTriad_g3.g2.g5,CTriad_g3.g2.g6,CTriad_g3.g2.g7,CTriad_g3.g3.g1,CTriad_g3.g3.g2,CTriad_g3.g3.g3,CTriad_g3.g3.g4,CTriad_g3.g3.g5,CTriad_g3.g3.g6,CTriad_g3.g3.g7,CTriad_g3.g4.g1,CTriad_g3.g4.g2,CTriad_g3.g4.g3,CTriad_g3.g4.g4,CTriad_g3.g4.g5,CTriad_g3.g4.g6,CTriad_g3.g4.g7,CTriad_g3.g5.g1,CTriad_g3.g5.g2,CTriad_g3.g5.g3,CTriad_g3.g5.g4,CTriad_g3.g5.g5,CTriad_g3.g5.g6,CTriad_g3.g5.g7,CTriad_g3.g6.g1,CTriad_g3.g6.g2,CTriad_g3.g6.g3,CTriad_g3.g6.g4,CTriad_g3.g6.g5,CTriad_g3.g6.g6,CTriad_g3.g6.g7,CTriad_g3.g7.g1,CTriad_g3.g7.g2,CTriad_g3.g7.g3,CTriad_g3.g7.g4,CTriad_g3.g7.g5,CTriad_g3.g7.g6,CTriad_g3.g7.g7,CTriad_g4.g1.g1,CTriad_g4.g1.g2,CTriad_g4.g1.g3,CTriad_g4.g1.g4,CTriad_g4.g1.g5,CTriad_g4.g1.g6,CTriad_g4.g1.g7,CTriad_g4.g2.g1,CTriad_g4.g2.g2,CTriad_g4.g2.g3,CTriad_g4.g2.g4,CTriad_g4.g2.g5,CTriad_g4.g2.g6,CTriad_g4.g2.g7,CTriad_g4.g3.g1,CTriad_g4.g3.g2,CTriad_g4.g3.g3,CTriad_g4.g3.g4,CTriad_g4.g3.g5,CTriad_g4.g3.g6,CTriad_g4.g3.g7,CTriad_g4.g4.g1,CTriad_g4.g4.g2,CTriad_g4.g4.g3,CTriad_g4.g4.g4,CTriad_g4.g4.g5,CTriad_g4.g4.g6,CTriad_g4.g4.g7,CTriad_g4.g5.g1,CTriad_g4.g5.g2,CTriad_g4.g5.g3,CTriad_g4.g5.g4,CTriad_g4.g5.g5,CTriad_g4.g5.g6,CTriad_g4.g5.g7,CTriad_g4.g6.g1,CTriad_g4.g6.g2,CTriad_g4.g6.g3,CTriad_g4.g6.g4,CTriad_g4.g6.g5,CTriad_g4.g6.g6,CTriad_g4.g6.g7,CTriad_g4.g7.g1,CTriad_g4.g7.g2,CTriad_g4.g7.g3,CTriad_g4.g7.g4,CTriad_g4.g7.g5,CTriad_g4.g7.g6,CTriad_g4.g7.g7,CTriad_g5.g1.g1,CTriad_g5.g1.g2,CTriad_g5.g1.g3,CTriad_g5.g1.g4,CTriad_g5.g1.g5,CTriad_g5.g1.g6,CTriad_g5.g1.g7,CTriad_g5.g2.g1,CTriad_g5.g2.g2,CTriad_g5.g2.g3,CTriad_g5.g2.g4,CTriad_g5.g2.g5,CTriad_g5.g2.g6,CTriad_g5.g2.g7,CTriad_g5.g3.g1,CTriad_g5.g3.g2,CTriad_g5.g3.g3,CTriad_g5.g3.g4,CTriad_g5.g3.g5,CTriad_g5.g3.g6,CTriad_g5.g3.g7,CTriad_g5.g4.g1,CTriad_g5.g4.g2,CTriad_g5.g4.g3,CTriad_g5.g4.g4,CTriad_g5.g4.g5,CTriad_g5.g4.g6,CTriad_g5.g4.g7,CTriad_g5.g5.g1,CTriad_g5.g5.g2,CTriad_g5.g5.g3,CTriad_g5.g5.g4,CTriad_g5.g5.g5,CTriad_g5.g5.g6,CTriad_g5.g5.g7,CTriad_g5.g6.g1,CTriad_g5.g6.g2,CTriad_g5.g6.g3,CTriad_g5.g6.g4,CTriad_g5.g6.g5,CTriad_g5.g6.g6,CTriad_g5.g6.g7,CTriad_g5.g7.g1,CTriad_g5.g7.g2,CTriad_g5.g7.g3,CTriad_g5.g7.g4,CTriad_g5.g7.g5,CTriad_g5.g7.g6,CTriad_g5.g7.g7,CTriad_g6.g1.g1,CTriad_g6.g1.g2,CTriad_g6.g1.g3,CTriad_g6.g1.g4,CTriad_g6.g1.g5,CTriad_g6.g1.g6,CTriad_g6.g1.g7,CTriad_g6.g2.g1,CTriad_g6.g2.g2,CTriad_g6.g2.g3,CTriad_g6.g2.g4,CTriad_g6.g2.g5,CTriad_g6.g2.g6,CTriad_g6.g2.g7,CTriad_g6.g3.g1,CTriad_g6.g3.g2,CTriad_g6.g3.g3,CTriad_g6.g3.g4,CTriad_g6.g3.g5,CTriad_g6.g3.g6,CTriad_g6.g3.g7,CTriad_g6.g4.g1,CTriad_g6.g4.g2,CTriad_g6.g4.g3,CTriad_g6.g4.g4,CTriad_g6.g4.g5,CTriad_g6.g4.g6,CTriad_g6.g4.g7,CTriad_g6.g5.g1,CTriad_g6.g5.g2,CTriad_g6.g5.g3,CTriad_g6.g5.g4,CTriad_g6.g5.g5,CTriad_g6.g5.g6,CTriad_g6.g5.g7,CTriad_g6.g6.g1,CTriad_g6.g6.g2,CTriad_g6.g6.g3,CTriad_g6.g6.g4,CTriad_g6.g6.g5,CTriad_g6.g6.g6,CTriad_g6.g6.g7,CTriad_g6.g7.g1,CTriad_g6.g7.g2,CTriad_g6.g7.g3,CTriad_g6.g7.g4,CTriad_g6.g7.g5,CTriad_g6.g7.g6,CTriad_g6.g7.g7,CTriad_g7.g1.g1,CTriad_g7.g1.g2,CTriad_g7.g1.g3,CTriad_g7.g1.g4,CTriad_g7.g1.g5,CTriad_g7.g1.g6,CTriad_g7.g1.g7,CTriad_g7.g2.g1,CTriad_g7.g2.g2,CTriad_g7.g2.g3,CTriad_g7.g2.g4,CTriad_g7.g2.g5,CTriad_g7.g2.g6,CTriad_g7.g2.g7,CTriad_g7.g3.g1,CTriad_g7.g3.g2,CTriad_g7.g3.g3,CTriad_g7.g3.g4,CTriad_g7.g3.g5,CTriad_g7.g3.g6,CTriad_g7.g3.g7,CTriad_g7.g4.g1,CTriad_g7.g4.g2,CTriad_g7.g4.g3,CTriad_g7.g4.g4,CTriad_g7.g4.g5,CTriad_g7.g4.g6,CTriad_g7.g4.g7,CTriad_g7.g5.g1,CTriad_g7.g5.g2,CTriad_g7.g5.g3,CTriad_g7.g5.g4,CTriad_g7.g5.g5,CTriad_g7.g5.g6,CTriad_g7.g5.g7,CTriad_g7.g6.g1,CTriad_g7.g6.g2,CTriad_g7.g6.g3,CTriad_g7.g6.g4,CTriad_g7.g6.g5,CTriad_g7.g6.g6,CTriad_g7.g6.g7,CTriad_g7.g7.g1,CTriad_g7.g7.g2,CTriad_g7.g7.g3,CTriad_g7.g7.g4,CTriad_g7.g7.g5,CTriad_g7.g7.g6,CTriad_g7.g7.g7
TonB,0.5,0.25,0.25,0.25,0.0,0.125,0.0,0.5,0.125,0.125,0.0,0.25,0.25,0.0,0.375,0.375,0.5,0.0,0.125,0.0,0.0,0.25,0.5,0.125,0.125,0.0,0.125,0.0,0.375,0.625,0.0,0.125,0.125,0.0,0.0,0.0,0.25,0.125,0.125,0.0,0.0,0.0,0.0,0.125,0.0,0.0,0.0,0.0,0.0,0.375,0.125,0.375,0.25,0.5,0.25,0.0,0.125,0.375,0.5,0.25,0.375,0.375,0.0,0.375,0.125,0.25,0.0,0.125,0.0,0.0,0.375,0.125,0.125,0.0,0.0,0.0,0.0,0.125,0.875,0.0,0.0,0.25,0.125,0.0,0.375,1.0,0.0,0.125,0.25,0.0,0.0,0.0,0.0,0.0,0.0,0.0,0.0,0.0,0.25,0.375,0.375,0.125,0.125,0.0,0.125,0.25,0.25,0.0,0.0,0.0,0.375,0.0,0.5,0.125,0.375,0.0,0.125,0.125,0.0,0.0,0.0,0.0,0.0,0.0,0.0,0.0,0.0,0.25,0.0,0.125,0.125,0.0,0.0,0.0,0.25,0.0,0.0,0.0,0.0,0.0,0.0,0.0,0.0,0.0,0.0,0.0,0.0,0.25,0.25,0.25,0.125,0.125,0.0,0.0,0.0,0.5,0.125,0.125,0.125,0.0,0.0,0.125,0.25,0.0,0.0,0.0,0.0,0.0,0.125,0.125,0.0,0.0,0.0,0.0,0.0,0.0,0.0,0.125,0.0,0.0,0.0,0.0,0.0,0.0,0.0,0.125,0.0,0.0,0.0,0.0,0.0,0.0,0.0,0.0,0.0,0.0,0.0,0.125,0.0,0.25,0.125,0.125,0.0,0.75,0.125,0.125,0.125,0.625,0.25,0.0,0.0,0.0,0.0,0.0,0.0,0.125,0.0,0.125,0.0,0.0,0.125,0.125,0.0,0.0,0.125,0.125,0.0,0.125,0.0,0.125,0.0,0.375,0.0,0.0,0.0,0.0,0.0,0.0,0.0,0.0,0.0,0.0,0.0,0.0,0.0,0.0,0.125,0.125,0.125,0.375,0.0,0.0,0.25,0.625,0.0,0.125,0.0,0.5,0.0,0.0,0.0,0.0,0.0,0.125,0.0,0.0,0.125,0.125,0.125,0.0,0.0,0.0,0.0,0.0,0.125,0.0,0.0,0.0,0.125,0.0,0.0,0.0,0.0,0.0,0.0,0.0,0.0,0.0,0.0,0.0,0.0,0.0,0.0,0.0,0.0,0.0,0.0,0.0,0.0,0.0,0.0,0.0,0.0,0.0,0.125,0.0,0.0,0.0,0.0,0.0,0.0,0.0,0.0,0.0,0.0,0.0,0.0,0.0,0.0,0.0,0.0,0.0,0.0,0.0,0.0,0.0,0.0,0.0,0.0,0.0,0.0,0.0,0.0,0.0,0.0,0.0,0.0,0.0,0.0,0.0,0.0,0.0,0.0
TonB0,0.42857142857142855,0.0,0.14285714285714285,0.2857142857142857,0.14285714285714285,0.2857142857142857,0.0,0.2857142857142857,0.14285714285714285,0.0,0.0,0.0,0.14285714285714285,0.0,0.14285714285714285,0.42857142857142855,0.7142857142857143,0.14285714285714285,0.14285714285714285,0.14285714285714285,0.0,0.2857142857142857,0.8571428571428571,0.2857142857142857,0.0,0.0,0.0,0.0,0.2857142857142857,0.7142857142857143,0.14285714285714285,0.14285714285714285,0.14285714285714285,0.0,0.0,0.42857142857142855,0.2857142857142857,0.14285714285714285,0.2857142857142857,0.14285714285714285,0.0,0.0,0.0,0.2857142857142857,0.0,0.0,0.0,0.0,0.0,0.2857142857142857,0.14285714285714285,0.2857142857142857,0.7142857142857143,0.2857142857142857,0.2857142857142857,0.0,0.42857142857142855,0.42857142857142855,0.7142857142857143,0.14285714285714285,0.14285714285714285,0.42857142857142855,0.0,0.5714285714285714,0.2857142857142857,0.14285714285714285,0.0,0.0,0.0,0.0,0.2857142857142857,0.14285714285714285,0.14285714285714285,0.0,0.0,0.0,0.0,0.42857142857142855,0.42857142857142855,0.0,0.2857142857142857,0.0,0.0,0.0,0.42857142857142855,1.0,0.0,0.0,0.42857142857142855,0.0,0.0,0.0,0.0,0.0,0.0,0.0,0.0,0.0,0.14285714285714285,0.14285714285714285,0.7142857142857143,0.0,0.2857142857142857,0.0,0.14285714285714285,0.42857142857142855,0.42857142857142855,0.0,0.14285714285714285,0.14285714285714285,0.2857142857142857,0.0,0.5714285714285714,0.2857142857142857,0.42857142857142855,0.14285714285714285,0.14285714285714285,0.0,0.0,0.0,0.14285714285714285,0.0,0.0,0.14285714285714285,0.0,0.0,0.0,0.14285714285714285,0.14285714285714285,0.0,0.0,0.0,0.0,0.14285714285714285,0.2857142857142857,0.0,0.0,0.0,0.0,0.0,0.0,0.0,0.0,0.0,0.0,0.0,0.0,0.2857142857142857,0.0,0.2857142857142857,0.14285714285714285,0.14285714285714285,0.14285714285714285,0.0,0.0,0.7142857142857143,0.14285714285714285,0.14285714285714285,0.2857142857142857,0.0,0.0,0.0,0.42857142857142855,0.0,0.0,0.0,0.0,0.0,0.0,0.0,0.0,0.0,0.0,0.0,0.0,0.0,0.14285714285714285,0.14285714285714285,0.2857142857142857,0.14285714285714285,0.0,0.0,0.0,0.0,0.0,0.0,0.0,0.0,0.0,0.0,0.0,0.0,0.0,0.0,0.0,0.0,0.14285714285714285,0.14285714285714285,0.0,0.0,0.2857142857142857,0.5714285714285714,0.0,0.5714285714285714,0.14285714285714285,0.0,0.14285714285714285,0.42857142857142855,0.2857142857142857,0.0,0.14285714285714285,0.0,0.0,0.0,0.0,0.2857142857142857,0.0,0.2857142857142857,0.0,0.0,0.0,0.5714285714285714,0.0,0.0,0.14285714285714285,0.14285714285714285,0.0,0.14285714285714285,0.0,0.0,0.0,0.14285714285714285,0.0,0.0,0.0,0.0,0.0,0.0,0.0,0.0,0.0,0.0,0.0,0.0,0.0,0.0,0.14285714285714285,0.2857142857142857,0.2857142857142857,0.2857142857142857,0.0,0.14285714285714285,0.2857142857142857,0.42857142857142855,0.14285714285714285,0.0,0.0,0.7142857142857143,0.0,0.0,0.0,0.14285714285714285,0.0,0.0,0.0,0.0,0.14285714285714285,0.14285714285714285,0.0,0.0,0.0,0.0,0.0,0.2857142857142857,0.0,0.0,0.0,0.14285714285714285,0.14285714285714285,0.0,0.0,0.0,0.0,0.0,0.0,0.0,0.0,0.0,0.0,0.0,0.0,0.0,0.0,0.0,0.0,0.0,0.0,0.0,0.0,0.0,0.0,0.0,0.0,0.0,0.14285714285714285,0.14285714285714285,0.0,0.0,0.0,0.0,0.0,0.0,0.0,0.0,0.0,0.0,0.0,0.0,0.0,0.0,0.0,0.0,0.0,0.0,0.0,0.0,0.0,0.0,0.0,0.0,0.0,0.0,0.0,0.0,0.0,0.0,0.0,0.0,0.0,0.0,0.0,0.0,0.0
TonB1,0.5,0.125,0.25,0.125,0.125,0.0,0.0,0.5,0.375,0.125,0.0,0.25,0.0,0.0,0.375,0.5,0.5,0.0,0.125,0.0,0.0,0.375,0.375,0.125,0.0,0.125,0.0,0.0,0.375,0.5,0.25,0.125,0.125,0.0,0.0,0.0,0.25,0.125,0.125,0.0,0.125,0.0,0.0,0.125,0.0,0.0,0.0,0.0,0.0,0.25,0.25,0.375,0.25,0.375,0.25,0.0,0.5,0.25,0.375,0.125,0.25,0.125,0.0,0.5,0.125,0.125,0.0,0.125,0.0,0.0,0.25,0.125,0.125,0.125,0.0,0.0,0.0,0.125,1.0,0.125,0.0,0.0,0.125,0.0,0.5,0.375,0.0,0.375,0.25,0.125,0.0,0.0,0.125,0.0,0.0,0.0,0.0,0.0,0.25,0.25,0.625,0.0,0.125,0.0,0.125,0.125,0.25,0.25,0.0,0.0,0.625,0.0,0.25,0.5,0.375,0.0,0.0,0.0,0.0,0.0,0.125,0.0,0.0,0.0,0.0,0.0,0.0,0.0,0.0,0.125,0.125,0.0,0.0,0.125,0.25,0.0,0.0,0.0,0.0,0.0,0.0,0.0,0.0,0.0,0.0,0.0,0.0,0.125,0.5,0.125,0.25,0.25,0.0,0.0,0.0,0.375,0.125,0.25,0.0,0.125,0.0,0.0,0.125,0.125,0.0,0.0,0.125,0.0,0.125,0.125,0.0,0.0,0.0,0.0,0.0,0.0,0.0,0.125,0.0,0.125,0.0,0.0,0.0,0.0,0.0,0.0,0.0,0.0,0.0,0.0,0.0,0.0,0.0,0.0,0.0,0.0,0.0,0.125,0.0,0.125,0.125,0.25,0.0,0.375,0.25,0.0,0.125,0.875,0.25,0.0,0.25,0.0,0.0,0.0,0.0,0.25,0.0,0.125,0.0,0.0,0.125,0.125,0.0,0.0,0.125,0.125,0.0,0.125,0.0,0.0,0.0,0.25,0.0,0.0,0.0,0.0,0.0,0.0,0.0,0.0,0.0,0.0,0.0,0.0,0.0,0.0,0.0,0.125,0.25,0.375,0.125,0.0,0.25,0.125,0.0,0.0,0.0,0.5,0.125,0.0,0.0,0.0,0.125,0.0,0.0,0.0,0.375,0.125,0.0,0.0,0.0,0.0,0.0,0.0,0.25,0.0,0.0,0.0,0.125,0.0,0.0,0.125,0.0,0.0,0.125,0.0,0.0,0.0,0.0,0.0,0.0,0.0,0.0,0.0,0.0,0.0,0.0,0.0,0.0,0.0,0.0,0.0,0.0,0.0,0.125,0.0,0.125,0.0,0.0,0.0,0.0,0.0,0.0,0.0,0.0,0.0,0.0,0.0,0.0,0.0,0.0,0.0,0.0,0.0,0.0,0.0,0.0,0.0,0.0,0.0,0.0,0.0,0.0,0.0,0.0,0.0,0.0,0.0,0.0,0.0,0.0,0.0,0.0
TonB2,0.42857142857142855,0.7142857142857143,0.0,0.0,0.14285714285714285,0.14285714285714285,0.0,0.42857142857142855,0.5714285714285714,0.42857142857142855,0.2857142857142857,0.14285714285714285,0.2857142857142857,0.0,0.7142857142857143,0.14285714285714285,0.2857142857142857,0.14285714285714285,0.42857142857142855,0.14285714285714285,0.0,0.42857142857142855,0.7142857142857143,0.2857142857142857,0.0,0.0,0.0,0.0,0.2857142857142857,0.2857142857142857,0.0,0.2857142857142857,0.2857142857142857,0.14285714285714285,0.0,0.14285714285714285,0.0,0.0,0.14285714285714285,0.0,0.42857142857142855,0.0,0.0,0.0,0.0,0.0,0.0,0.0,0.0,0.0,0.42857142857142855,0.5714285714285714,0.42857142857142855,0.14285714285714285,0.42857142857142855,0.0,0.14285714285714285,0.2857142857142857,0.2857142857142857,0.2857142857142857,0.2857142857142857,0.2857142857142857,0.0,0.2857142857142857,0.0,0.2857142857142857,0.14285714285714285,0.0,0.0,0.0,0.7142857142857143,0.14285714285714285,0.42857142857142855,0.0,0.0,0.0,0.0,0.14285714285714285,1.0,0.14285714285714285,0.0,0.0,0.0,0.14285714285714285,0.2857142857142857,0.42857142857142855,0.14285714285714285,0.2857142857142857,0.14285714285714285,0.0,0.14285714285714285,0.0,0.0,0.0,0.0,0.0,0.0,0.0,0.2857142857142857,0.5714285714285714,0.42857142857142855,0.14285714285714285,0.14285714285714285,0.14285714285714285,0.0,0.42857142857142855,0.2857142857142857,0.0,0.0,0.0,0.14285714285714285,0.0,0.2857142857142857,0.14285714285714285,0.0,0.2857142857142857,0.0,0.14285714285714285,0.0,0.42857142857142855,0.14285714285714285,0.14285714285714285,0.0,0.0,0.14285714285714285,0.0,0.14285714285714285,0.0,0.2857142857142857,0.0,0.14285714285714285,0.0,0.0,0.14285714285714285,0.14285714285714285,0.0,0.0,0.0,0.0,0.0,0.0,0.0,0.0,0.0,0.0,0.0,0.0,0.42857142857142855,0.42857142857142855,0.5714285714285714,0.14285714285714285,0.42857142857142855,0.0,0.0,0.5714285714285714,0.2857142857142857,0.0,0.14285714285714285,0.0,0.14285714285714285,0.0,0.2857142857142857,0.14285714285714285,0.14285714285714285,0.14285714285714285,0.14285714285714285,0.0,0.0,0.0,0.0,0.0,0.0,0.0,0.0,0.0,0.0,0.14285714285714285,0.14285714285714285,0.0,0.0,0.0,0.0,0.14285714285714285,0.14285714285714285,0.0,0.0,0.0,0.0,0.0,0.0,0.0,0.0,0.0,0.0,0.0,0.0,0.14285714285714285,0.0,0.2857142857142857,0.2857142857142857,0.0,0.0,0.0,0.14285714285714285,0.14285714285714285,0.0,0.2857142857142857,0.7142857142857143,0.42857142857142855,0.0,0.14285714285714285,0.2857142857142857,0.0,0.14285714285714285,0.0,0.0,0.0,0.14285714285714285,0.0,0.0,0.0,0.2857142857142857,0.0,0.0,0.0,0.2857142857142857,0.0,0.14285714285714285,0.14285714285714285,0.0,0.0,0.14285714285714285,0.0,0.0,0.0,0.0,0.14285714285714285,0.0,0.0,0.0,0.0,0.14285714285714285,0.0,0.0,0.0,0.14285714285714285,0.0,0.0,0.42857142857142855,0.42857142857142855,0.0,0.0,0.14285714285714285,0.14285714285714285,0.0,0.2857142857142857,0.2857142857142857,0.14285714285714285,0.0,0.0,0.14285714285714285,0.0,0.0,0.0,0.0,0.0,0.2857142857142857,0.14285714285714285,0.0,0.0,0.0,0.0,0.0,0.0,0.0,0.0,0.0,0.0,0.14285714285714285,0.0,0.14285714285714285,0.2857142857142857,0.0,0.0,0.0,0.0,0.14285714285714285,0.0,0.14285714285714285,0.0,0.0,0.14285714285714285,0.0,0.0,0.0,0.0,0.0,0.0,0.0,0.0,0.0,0.14285714285714285,0.0,0.0,0.0,0.0,0.0,0.0,0.0,0.0,0.0,0.0,0.0,0.0,0.0,0.0,0.0,0.0,0.0,0.0,0.14285714285714285,0.0,0.14285714285714285,0.0,0.0,0.0,0.0,0.0,0.0,0.0,0.0,0.0,0.0,0.0,0.0,0.0,0.0,0.0,0.0,0.0,0.0,0.0,0.0
TonB3,0.4444444444444444,0.1111111111111111,0.2222222222222222,0.1111111111111111,0.0,0.1111111111111111,0.0,0.0,0.2222222222222222,0.2222222222222222,0.2222222222222222,0.1111111111111111,0.0,0.0,0.4444444444444444,0.5555555555555556,0.2222222222222222,0.1111111111111111,0.1111111111111111,0.2222222222222222,0.0,0.3333333333333333,0.4444444444444444,0.2222222222222222,0.1111111111111111,0.1111111111111111,0.0,0.0,0.1111111111111111,0.3333333333333333,0.0,0.3333333333333333,0.0,0.0,0.0,0.1111111111111111,0.1111111111111111,0.0,0.1111111111111111,0.2222222222222222,0.0,0.0,0.0,0.1111111111111111,0.0,0.0,0.0,0.0,0.0,0.2222222222222222,0.2222222222222222,0.4444444444444444,0.4444444444444444,0.2222222222222222,0.0,0.1111111111111111,0.1111111111111111,0.2222222222222222,0.3333333333333333,0.0,0.3333333333333333,0.2222222222222222,0.0,0.3333333333333333,0.3333333333333333,0.2222222222222222,0.1111111111111111,0.1111111111111111,0.0,0.1111111111111111,0.2222222222222222,0.1111111111111111,0.0,0.0,0.0,0.0,0.0,0.1111111111111111,1.0,0.2222222222222222,0.0,0.0,0.0,0.0,0.5555555555555556,0.6666666666666666,0.0,0.2222222222222222,0.1111111111111111,0.0,0.0,0.0,0.0,0.0,0.0,0.0,0.0,0.0,0.1111111111111111,0.3333333333333333,0.4444444444444444,0.0,0.0,0.1111111111111111,0.0,0.6666666666666666,0.2222222222222222,0.0,0.1111111111111111,0.0,0.3333333333333333,0.0,0.1111111111111111,0.1111111111111111,0.1111111111111111,0.1111111111111111,0.3333333333333333,0.0,0.0,0.1111111111111111,0.0,0.0,0.0,0.2222222222222222,0.0,0.0,0.0,0.3333333333333333,0.1111111111111111,0.1111111111111111,0.0,0.0,0.0,0.0,0.2222222222222222,0.0,0.1111111111111111,0.0,0.0,0.0,0.1111111111111111,0.0,0.0,0.0,0.0,0.0,0.0,0.2222222222222222,0.0,0.3333333333333333,0.3333333333333333,0.1111111111111111,0.1111111111111111,0.0,0.1111111111111111,0.1111111111111111,0.4444444444444444,0.0,0.0,0.2222222222222222,0.0,0.0,0.2222222222222222,0.0,0.0,0.0,0.0,0.0,0.1111111111111111,0.0,0.0,0.0,0.0,0.0,0.0,0.1111111111111111,0.1111111111111111,0.1111111111111111,0.1111111111111111,0.0,0.0,0.0,0.1111111111111111,0.1111111111111111,0.0,0.0,0.0,0.0,0.0,0.0,0.0,0.0,0.0,0.0,0.0,0.0,0.0,0.0,0.0,0.1111111111111111,0.1111111111111111,0.1111111111111111,0.0,0.5555555555555556,0.1111111111111111,0.2222222222222222,0.0,0.6666666666666666,0.4444444444444444,0.0,0.1111111111111111,0.1111111111111111,0.1111111111111111,0.0,0.0,0.1111111111111111,0.0,0.1111111111111111,0.1111111111111111,0.0,0.0,0.1111111111111111,0.2222222222222222,0.0,0.0,0.0,0.0,0.0,0.0,0.0,0.0,0.1111111111111111,0.0,0.0,0.0,0.0,0.0,0.0,0.0,0.0,0.0,0.0,0.0,0.0,0.0,0.0,0.1111111111111111,0.2222222222222222,0.1111111111111111,0.3333333333333333,0.1111111111111111,0.0,0.2222222222222222,0.3333333333333333,0.0,0.0,0.2222222222222222,0.3333333333333333,0.0,0.0,0.0,0.0,0.0,0.0,0.0,0.0,0.2222222222222222,0.2222222222222222,0.0,0.0,0.0,0.0,0.0,0.0,0.2222222222222222,0.0,0.0,0.0,0.1111111111111111,0.0,0.0,0.0,0.0,0.0,0.0,0.0,0.0,0.0,0.0,0.0,0.0,0.0,0.0,0.0,0.0,0.0,0.0,0.1111111111111111,0.0,0.0,0.0,0.0,0.0,0.0,0.0,0.0,0.1111111111111111,0.0,0.0,0.0,0.0,0.0,0.0,0.0,0.0,0.0,0.0,0.0,0.0,0.0,0.0,0.0,0.0,0.0,0.0,0.0,0.0,0.0,0.0,0.0,0.0,0.0,0.0,0.0,0.0,0.0,0.0,0.0,0.0,0.0,0.0,0.0,0.0
TonB4,0.7142857142857143,0.2857142857142857,0.2857142857142857,0.14285714285714285,0.0,0.14285714285714285,0.0,0.2857142857142857,0.2857142857142857,0.2857142857142857,0.0,0.0,0.0,0.0,0.42857142857142855,0.5714285714285714,0.5714285714285714,0.0,0.14285714285714285,0.14285714285714285,0.0,0.2857142857142857,0.42857142857142855,0.14285714285714285,0.0,0.2857142857142857,0.0,0.0,0.2857142857142857,0.8571428571428571,0.14285714285714285,0.2857142857142857,0.0,0.0,0.0,0.0,0.2857142857142857,0.0,0.14285714285714285,0.14285714285714285,0.2857142857142857,0.0,0.0,0.14285714285714285,0.0,0.0,0.0,0.0,0.0,0.2857142857142857,0.42857142857142855,0.2857142857142857,0.7142857142857143,0.5714285714285714,0.14285714285714285,0.0,0.42857142857142855,0.42857142857142855,0.5714285714285714,0.14285714285714285,0.2857142857142857,0.14285714285714285,0.0,0.2857142857142857,0.2857142857142857,0.0,0.2857142857142857,0.2857142857142857,0.0,0.0,0.42857142857142855,0.14285714285714285,0.0,0.14285714285714285,0.0,0.0,0.0,0.14285714285714285,1.0,0.0,0.0,0.14285714285714285,0.0,0.0,0.5714285714285714,0.5714285714285714,0.14285714285714285,0.14285714285714285,0.14285714285714285,0.0,0.0,0.0,0.0,0.0,0.0,0.0,0.14285714285714285,0.0,0.2857142857142857,0.14285714285714285,0.42857142857142855,0.0,0.14285714285714285,0.0,0.14285714285714285,0.5714285714285714,0.2857142857142857,0.0,0.0,0.0,0.42857142857142855,0.14285714285714285,0.2857142857142857,0.14285714285714285,0.14285714285714285,0.2857142857142857,0.0,0.0,0.0,0.14285714285714285,0.2857142857142857,0.14285714285714285,0.14285714285714285,0.0,0.0,0.0,0.14285714285714285,0.0,0.2857142857142857,0.0,0.14285714285714285,0.0,0.0,0.0,0.2857142857142857,0.0,0.14285714285714285,0.0,0.0,0.0,0.0,0.0,0.0,0.0,0.0,0.0,0.0,0.14285714285714285,0.0,0.5714285714285714,0.14285714285714285,0.14285714285714285,0.2857142857142857,0.0,0.14285714285714285,0.42857142857142855,0.14285714285714285,0.0,0.14285714285714285,0.2857142857142857,0.0,0.14285714285714285,0.2857142857142857,0.0,0.0,0.0,0.14285714285714285,0.0,0.0,0.2857142857142857,0.14285714285714285,0.0,0.0,0.0,0.0,0.0,0.14285714285714285,0.0,0.0,0.14285714285714285,0.0,0.0,0.0,0.14285714285714285,0.0,0.0,0.0,0.0,0.0,0.0,0.0,0.0,0.0,0.0,0.0,0.0,0.14285714285714285,0.0,0.14285714285714285,0.0,0.14285714285714285,0.14285714285714285,0.0,0.5714285714285714,0.0,0.14285714285714285,0.2857142857142857,0.8571428571428571,0.5714285714285714,0.0,0.0,0.0,0.0,0.14285714285714285,0.14285714285714285,0.14285714285714285,0.0,0.2857142857142857,0.0,0.0,0.14285714285714285,0.0,0.0,0.0,0.0,0.2857142857142857,0.0,0.14285714285714285,0.14285714285714285,0.0,0.0,0.14285714285714285,0.0,0.0,0.0,0.0,0.0,0.0,0.0,0.0,0.0,0.0,0.0,0.0,0.0,0.0,0.0,0.14285714285714285,0.14285714285714285,0.5714285714285714,0.14285714285714285,0.0,0.42857142857142855,0.5714285714285714,0.0,0.14285714285714285,0.0,0.2857142857142857,0.0,0.0,0.14285714285714285,0.0,0.0,0.0,0.0,0.0,0.14285714285714285,0.0,0.14285714285714285,0.0,0.0,0.14285714285714285,0.0,0.0,0.14285714285714285,0.0,0.0,0.0,0.14285714285714285,0.0,0.14285714285714285,0.14285714285714285,0.0,0.0,0.0,0.0,0.0,0.0,0.0,0.0,0.0,0.0,0.0,0.0,0.0,0.0,0.0,0.0,0.0,0.0,0.0,0.0,0.0,0.0,0.14285714285714285,0.0,0.0,0.0,0.0,0.0,0.0,0.0,0.0,0.0,0.0,0.0,0.0,0.0,0.0,0.0,0.0,0.0,0.0,0.0,0.0,0.0,0.0,0.0,0.0,0.14285714285714285,0.0,0.0,0.0,0.0,0.0,0.0,0.0,0.0,0.0,0.0,0.0,0.0,0.0
TonB5,0.375,0.625,0.125,0.0,0.125,0.0,0.0,0.25,0.5,0.375,0.125,0.375,0.125,0.0,0.5,0.375,0.375,0.125,0.0,0.0,0.0,0.25,0.25,0.25,0.0,0.125,0.0,0.0,0.375,0.625,0.0,0.25,0.0,0.125,0.0,0.125,0.125,0.0,0.125,0.0,0.0,0.0,0.0,0.0,0.0,0.0,0.0,0.0,0.0,0.125,0.375,0.25,0.375,0.5,0.125,0.0,0.5,0.125,0.5,0.25,0.0,0.125,0.0,0.375,0.125,0.25,0.125,0.25,0.0,0.0,0.5,0.125,0.125,0.0,0.0,0.0,0.0,0.125,1.0,0.0,0.125,0.125,0.25,0.0,0.5,1.0,0.0,0.125,0.125,0.0,0.0,0.0,0.0,0.0,0.0,0.0,0.0,0.0,0.375,0.375,0.375,0.125,0.125,0.0,0.0,0.25,0.125,0.0,0.125,0.125,0.5,0.0,0.375,0.125,0.25,0.0,0.125,0.125,0.0,0.125,0.0,0.0,0.125,0.125,0.0,0.0,0.0,0.125,0.125,0.125,0.0,0.0,0.0,0.0,0.375,0.0,0.0,0.0,0.0,0.0,0.0,0.0,0.0,0.0,0.0,0.0,0.0,0.125,0.375,0.375,0.25,0.125,0.0,0.0,0.0,0.125,0.25,0.0,0.125,0.25,0.0,0.125,0.375,0.0,0.125,0.0,0.0,0.0,0.0,0.0,0.125,0.0,0.0,0.0,0.0,0.0,0.0,0.125,0.125,0.0,0.125,0.0,0.0,0.0,0.0,0.0,0.0,0.0,0.0,0.0,0.0,0.0,0.0,0.0,0.0,0.0,0.125,0.0,0.125,0.0,0.125,0.25,0.0,0.5,0.125,0.0,0.125,0.75,0.25,0.0,0.0,0.0,0.125,0.0,0.0,0.125,0.0,0.25,0.125,0.125,0.0,0.125,0.0,0.0,0.125,0.0,0.0,0.0,0.0,0.0,0.0,0.125,0.25,0.125,0.125,0.0,0.0,0.0,0.0,0.0,0.0,0.0,0.0,0.0,0.0,0.125,0.0,0.125,0.125,0.375,0.0,0.0,0.25,0.5,0.0,0.25,0.25,0.5,0.0,0.0,0.125,0.0,0.0,0.0,0.0,0.0,0.125,0.25,0.0,0.0,0.0,0.0,0.0,0.0,0.0,0.0,0.0,0.0,0.125,0.0,0.0,0.0,0.0,0.0,0.0,0.0,0.0,0.0,0.0,0.0,0.0,0.0,0.0,0.0,0.0,0.0,0.0,0.0,0.0,0.0,0.0,0.0,0.0,0.0,0.0,0.0,0.0,0.0,0.0,0.0,0.0,0.0,0.0,0.0,0.0,0.0,0.0,0.0,0.0,0.0,0.0,0.0,0.0,0.0,0.0,0.0,0.0,0.0,0.0,0.0,0.0,0.0,0.0,0.0,0.0,0.0,0.0,0.0,0.0,0.0,0.0,0.0,0.0
TonB6,0.5555555555555556,0.3333333333333333,0.1111111111111111,0.1111111111111111,0.1111111111111111,0.1111111111111111,0.0,0.4444444444444444,0.2222222222222222,0.4444444444444444,0.2222222222222222,0.1111111111111111,0.0,0.0,0.2222222222222222,0.2222222222222222,0.4444444444444444,0.0,0.1111111111111111,0.0,0.0,0.2222222222222222,0.2222222222222222,0.1111111111111111,0.1111111111111111,0.0,0.0,0.0,0.3333333333333333,0.3333333333333333,0.0,0.1111111111111111,0.1111111111111111,0.0,0.0,0.0,0.3333333333333333,0.1111111111111111,0.2222222222222222,0.0,0.0,0.0,0.0,0.1111111111111111,0.0,0.0,0.0,0.0,0.0,0.3333333333333333,0.4444444444444444,0.2222222222222222,0.1111111111111111,0.2222222222222222,0.3333333333333333,0.0,0.1111111111111111,0.2222222222222222,0.2222222222222222,0.2222222222222222,0.2222222222222222,0.1111111111111111,0.0,0.3333333333333333,0.1111111111111111,0.2222222222222222,0.1111111111111111,0.1111111111111111,0.0,0.0,0.4444444444444444,0.1111111111111111,0.2222222222222222,0.1111111111111111,0.1111111111111111,0.0,0.0,0.0,1.0,0.0,0.0,0.1111111111111111,0.0,0.0,0.4444444444444444,0.6666666666666666,0.0,0.1111111111111111,0.1111111111111111,0.1111111111111111,0.0,0.0,0.0,0.0,0.0,0.1111111111111111,0.0,0.0,0.1111111111111111,0.1111111111111111,0.3333333333333333,0.1111111111111111,0.1111111111111111,0.0,0.1111111111111111,0.2222222222222222,0.1111111111111111,0.0,0.1111111111111111,0.0,0.4444444444444444,0.0,0.3333333333333333,0.2222222222222222,0.4444444444444444,0.0,0.2222222222222222,0.1111111111111111,0.0,0.0,0.1111111111111111,0.0,0.0,0.0,0.0,0.0,0.0,0.2222222222222222,0.0,0.1111111111111111,0.1111111111111111,0.0,0.0,0.0,0.2222222222222222,0.0,0.0,0.0,0.0,0.0,0.0,0.0,0.0,0.0,0.0,0.0,0.0,0.1111111111111111,0.3333333333333333,0.2222222222222222,0.1111111111111111,0.1111111111111111,0.0,0.0,0.0,0.1111111111111111,0.2222222222222222,0.1111111111111111,0.2222222222222222,0.1111111111111111,0.0,0.0,0.3333333333333333,0.0,0.0,0.0,0.0,0.0,0.0,0.2222222222222222,0.0,0.0,0.0,0.1111111111111111,0.0,0.1111111111111111,0.0,0.1111111111111111,0.0,0.0,0.0,0.0,0.1111111111111111,0.1111111111111111,0.0,0.0,0.0,0.0,0.0,0.0,0.0,0.0,0.0,0.0,0.0,0.0,0.1111111111111111,0.1111111111111111,0.0,0.1111111111111111,0.1111111111111111,0.2222222222222222,0.0,0.5555555555555556,0.1111111111111111,0.0,0.2222222222222222,0.4444444444444444,0.4444444444444444,0.0,0.0,0.0,0.0,0.0,0.0,0.1111111111111111,0.0,0.1111111111111111,0.0,0.0,0.1111111111111111,0.1111111111111111,0.0,0.0,0.2222222222222222,0.1111111111111111,0.0,0.1111111111111111,0.0,0.0,0.0,0.1111111111111111,0.0,0.0,0.0,0.0,0.0,0.0,0.0,0.0,0.0,0.0,0.0,0.0,0.0,0.1111111111111111,0.1111111111111111,0.1111111111111111,0.1111111111111111,0.2222222222222222,0.0,0.0,0.3333333333333333,0.3333333333333333,0.0,0.1111111111111111,0.1111111111111111,0.3333333333333333,0.1111111111111111,0.0,0.0,0.1111111111111111,0.0,0.0,0.0,0.0,0.1111111111111111,0.1111111111111111,0.0,0.0,0.0,0.1111111111111111,0.0,0.0,0.0,0.0,0.0,0.1111111111111111,0.1111111111111111,0.0,0.0,0.0,0.0,0.0,0.1111111111111111,0.0,0.0,0.0,0.0,0.0,0.0,0.0,0.0,0.0,0.0,0.0,0.0,0.0,0.0,0.0,0.0,0.0,0.0,0.0,0.1111111111111111,0.0,0.0,0.0,0.0,0.0,0.0,0.0,0.0,0.0,0.0,0.0,0.0,0.0,0.0,0.0,0.0,0.0,0.0,0.1111111111111111,0.0,0.0,0.0,0.0,0.0,0.0,0.0,0.0,0.0,0.0,0.0,0.0,0.0,0.0,0.0,0.0,0.0,0.0,0.0
TonB7,0.4444444444444444,0.3333333333333333,0.1111111111111111,0.0,0.0,0.1111111111111111,0.0,0.3333333333333333,0.4444444444444444,0.2222222222222222,0.2222222222222222,0.4444444444444444,0.2222222222222222,0.0,0.0,0.1111111111111111,0.4444444444444444,0.2222222222222222,0.2222222222222222,0.0,0.0,0.4444444444444444,0.0,0.0,0.1111111111111111,0.1111111111111111,0.1111111111111111,0.0,0.3333333333333333,0.2222222222222222,0.0,0.1111111111111111,0.0,0.0,0.0,0.1111111111111111,0.1111111111111111,0.2222222222222222,0.1111111111111111,0.1111111111111111,0.1111111111111111,0.0,0.0,0.1111111111111111,0.0,0.0,0.0,0.0,0.0,0.1111111111111111,0.4444444444444444,0.2222222222222222,0.2222222222222222,0.3333333333333333,0.2222222222222222,0.0,0.2222222222222222,0.3333333333333333,0.3333333333333333,0.2222222222222222,0.1111111111111111,0.2222222222222222,0.0,0.2222222222222222,0.1111111111111111,0.3333333333333333,0.0,0.0,0.0,0.0,0.4444444444444444,0.0,0.3333333333333333,0.0,0.0,0.0,0.0,0.1111111111111111,1.0,0.1111111111111111,0.0,0.1111111111111111,0.0,0.0,0.3333333333333333,0.6666666666666666,0.0,0.1111111111111111,0.2222222222222222,0.0,0.0,0.0,0.0,0.0,0.0,0.0,0.0,0.0,0.2222222222222222,0.2222222222222222,0.3333333333333333,0.1111111111111111,0.0,0.0,0.1111111111111111,0.3333333333333333,0.2222222222222222,0.0,0.0,0.1111111111111111,0.0,0.0,0.4444444444444444,0.0,0.3333333333333333,0.2222222222222222,0.0,0.1111111111111111,0.0,0.2222222222222222,0.0,0.1111111111111111,0.1111111111111111,0.0,0.0,0.0,0.1111111111111111,0.1111111111111111,0.1111111111111111,0.0,0.2222222222222222,0.0,0.0,0.0,0.3333333333333333,0.0,0.0,0.0,0.0,0.0,0.0,0.0,0.0,0.0,0.0,0.0,0.0,0.2222222222222222,0.6666666666666666,0.2222222222222222,0.1111111111111111,0.1111111111111111,0.1111111111111111,0.0,0.0,0.0,0.0,0.1111111111111111,0.0,0.0,0.0,0.1111111111111111,0.4444444444444444,0.0,0.0,0.1111111111111111,0.0,0.0,0.1111111111111111,0.1111111111111111,0.0,0.0,0.0,0.0,0.0,0.0,0.0,0.1111111111111111,0.0,0.1111111111111111,0.0,0.0,0.0,0.1111111111111111,0.0,0.0,0.0,0.0,0.0,0.0,0.0,0.0,0.0,0.0,0.0,0.0,0.0,0.1111111111111111,0.1111111111111111,0.2222222222222222,0.1111111111111111,0.1111111111111111,0.0,0.3333333333333333,0.2222222222222222,0.1111111111111111,0.1111111111111111,0.5555555555555556,0.3333333333333333,0.0,0.2222222222222222,0.0,0.0,0.0,0.0,0.2222222222222222,0.0,0.2222222222222222,0.0,0.0,0.0,0.1111111111111111,0.0,0.0,0.1111111111111111,0.1111111111111111,0.0,0.2222222222222222,0.0,0.0,0.0,0.1111111111111111,0.0,0.0,0.0,0.0,0.0,0.0,0.0,0.0,0.0,0.0,0.0,0.0,0.0,0.0,0.1111111111111111,0.0,0.1111111111111111,0.1111111111111111,0.2222222222222222,0.0,0.3333333333333333,0.2222222222222222,0.0,0.1111111111111111,0.1111111111111111,0.5555555555555556,0.0,0.0,0.0,0.0,0.0,0.2222222222222222,0.0,0.0,0.0,0.0,0.2222222222222222,0.0,0.0,0.0,0.0,0.0,0.2222222222222222,0.0,0.0,0.0,0.1111111111111111,0.0,0.0,0.1111111111111111,0.0,0.0,0.0,0.0,0.0,0.0,0.0,0.0,0.0,0.0,0.0,0.0,0.0,0.0,0.0,0.0,0.0,0.0,0.0,0.0,0.0,0.0,0.1111111111111111,0.0,0.0,0.0,0.0,0.0,0.0,0.0,0.0,0.0,0.0,0.0,0.0,0.0,0.0,0.0,0.0,0.0,0.0,0.0,0.0,0.0,0.0,0.0,0.0,0.0,0.0,0.0,0.0,0.0,0.0,0.0,0.0,0.0,0.0,0.0,0.0,0.0,0.0
TonB8,0.7142857142857143,0.14285714285714285,0.0,0.14285714285714285,0.0,0.14285714285714285,0.0,0.42857142857142855,0.2857142857142857,0.0,0.7142857142857143,0.2857142857142857,0.0,0.0,0.2857142857142857,0.42857142857142855,0.5714285714285714,0.0,0.2857142857142857,0.0,0.0,0.42857142857142855,0.2857142857142857,0.14285714285714285,0.0,0.14285714285714285,0.0,0.0,0.42857142857142855,0.5714285714285714,0.0,0.14285714285714285,0.14285714285714285,0.0,0.0,0.14285714285714285,0.14285714285714285,0.0,0.42857142857142855,0.14285714285714285,0.0,0.0,0.0,0.14285714285714285,0.0,0.0,0.0,0.14285714285714285,0.0,0.2857142857142857,0.42857142857142855,0.42857142857142855,0.2857142857142857,0.2857142857142857,0.2857142857142857,0.14285714285714285,0.42857142857142855,0.14285714285714285,0.5714285714285714,0.14285714285714285,0.2857142857142857,0.0,0.14285714285714285,0.42857142857142855,0.14285714285714285,0.14285714285714285,0.0,0.0,0.0,0.0,0.7142857142857143,0.14285714285714285,0.42857142857142855,0.0,0.14285714285714285,0.0,0.0,0.14285714285714285,0.5714285714285714,0.0,0.2857142857142857,0.14285714285714285,0.0,0.0,0.42857142857142855,1.0,0.0,0.0,0.14285714285714285,0.14285714285714285,0.0,0.0,0.14285714285714285,0.0,0.0,0.0,0.0,0.0,0.0,0.5714285714285714,0.7142857142857143,0.0,0.14285714285714285,0.0,0.14285714285714285,0.14285714285714285,0.42857142857142855,0.0,0.0,0.0,0.5714285714285714,0.0,0.7142857142857143,0.2857142857142857,0.2857142857142857,0.14285714285714285,0.14285714285714285,0.0,0.0,0.0,0.0,0.0,0.14285714285714285,0.0,0.0,0.0,0.14285714285714285,0.0,0.14285714285714285,0.0,0.14285714285714285,0.0,0.0,0.0,0.2857142857142857,0.0,0.0,0.0,0.0,0.0,0.0,0.0,0.0,0.0,0.0,0.0,0.0,0.14285714285714285,0.42857142857142855,0.14285714285714285,0.2857142857142857,0.2857142857142857,0.14285714285714285,0.0,0.14285714285714285,0.2857142857142857,0.14285714285714285,0.2857142857142857,0.0,0.14285714285714285,0.0,0.0,0.2857142857142857,0.2857142857142857,0.0,0.0,0.0,0.0,0.0,0.14285714285714285,0.0,0.0,0.0,0.0,0.0,0.14285714285714285,0.14285714285714285,0.14285714285714285,0.0,0.0,0.14285714285714285,0.0,0.0,0.0,0.14285714285714285,0.0,0.0,0.0,0.0,0.0,0.0,0.0,0.0,0.0,0.0,0.0,0.0,0.14285714285714285,0.14285714285714285,0.14285714285714285,0.14285714285714285,0.2857142857142857,0.0,0.42857142857142855,0.14285714285714285,0.0,0.14285714285714285,0.5714285714285714,0.2857142857142857,0.0,0.14285714285714285,0.0,0.0,0.0,0.0,0.2857142857142857,0.0,0.14285714285714285,0.0,0.0,0.0,0.2857142857142857,0.14285714285714285,0.0,0.0,0.2857142857142857,0.14285714285714285,0.14285714285714285,0.0,0.0,0.0,0.14285714285714285,0.0,0.0,0.14285714285714285,0.0,0.0,0.0,0.0,0.0,0.0,0.0,0.0,0.0,0.0,0.0,0.0,0.14285714285714285,0.14285714285714285,0.42857142857142855,0.0,0.0,0.5714285714285714,0.42857142857142855,0.0,0.14285714285714285,0.0,0.5714285714285714,0.0,0.0,0.0,0.14285714285714285,0.0,0.0,0.0,0.0,0.14285714285714285,0.42857142857142855,0.0,0.0,0.0,0.0,0.0,0.0,0.0,0.0,0.0,0.14285714285714285,0.14285714285714285,0.0,0.0,0.14285714285714285,0.0,0.0,0.0,0.0,0.0,0.0,0.0,0.0,0.0,0.0,0.0,0.0,0.0,0.0,0.0,0.0,0.0,0.0,0.0,0.0,0.0,0.0,0.14285714285714285,0.0,0.14285714285714285,0.0,0.0,0.0,0.0,0.0,0.0,0.0,0.0,0.0,0.0,0.0,0.0,0.0,0.0,0.0,0.0,0.0,0.0,0.0,0.0,0.0,0.0,0.0,0.14285714285714285,0.0,0.0,0.0,0.0,0.0,0.0,0.0,0.0,0.0,0.0,0.0,0.0
TonB9,0.5714285714285714,0.14285714285714285,0.2857142857142857,0.14285714285714285,0.14285714285714285,0.42857142857142855,0.0,0.42857142857142855,0.2857142857142857,0.0,0.0,0.14285714285714285,0.14285714285714285,0.0,0.42857142857142855,0.42857142857142855,0.5714285714285714,0.0,0.5714285714285714,0.0,0.0,0.42857142857142855,0.7142857142857143,0.14285714285714285,0.0,0.0,0.0,0.0,0.2857142857142857,0.42857142857142855,0.0,0.42857142857142855,0.0,0.0,0.0,0.2857142857142857,0.0,0.2857142857142857,0.42857142857142855,0.14285714285714285,0.2857142857142857,0.0,0.0,0.0,0.0,0.0,0.0,0.0,0.0,0.42857142857142855,0.42857142857142855,0.5714285714285714,0.2857142857142857,0.14285714285714285,0.2857142857142857,0.0,0.14285714285714285,0.14285714285714285,0.7142857142857143,0.14285714285714285,0.14285714285714285,0.42857142857142855,0.14285714285714285,0.42857142857142855,0.2857142857142857,0.14285714285714285,0.0,0.0,0.0,0.0,0.42857142857142855,0.0,0.14285714285714285,0.0,0.0,0.0,0.0,0.14285714285714285,1.0,0.0,0.14285714285714285,0.14285714285714285,0.0,0.0,0.2857142857142857,0.8571428571428571,0.0,0.0,0.42857142857142855,0.0,0.0,0.0,0.14285714285714285,0.0,0.0,0.0,0.0,0.0,0.5714285714285714,0.2857142857142857,0.5714285714285714,0.0,0.14285714285714285,0.0,0.0,0.14285714285714285,0.42857142857142855,0.0,0.14285714285714285,0.14285714285714285,0.2857142857142857,0.0,0.7142857142857143,0.0,0.2857142857142857,0.0,0.0,0.14285714285714285,0.0,0.0,0.14285714285714285,0.0,0.0,0.0,0.0,0.0,0.14285714285714285,0.2857142857142857,0.0,0.14285714285714285,0.2857142857142857,0.0,0.0,0.0,0.2857142857142857,0.0,0.0,0.0,0.0,0.0,0.0,0.0,0.0,0.0,0.0,0.0,0.0,0.14285714285714285,0.14285714285714285,0.42857142857142855,0.7142857142857143,0.14285714285714285,0.14285714285714285,0.0,0.14285714285714285,0.7142857142857143,0.14285714285714285,0.0,0.0,0.0,0.0,0.0,0.14285714285714285,0.14285714285714285,0.0,0.0,0.0,0.0,0.0,0.0,0.0,0.0,0.0,0.0,0.0,0.0,0.0,0.14285714285714285,0.0,0.0,0.0,0.0,0.0,0.14285714285714285,0.0,0.0,0.0,0.0,0.0,0.0,0.0,0.0,0.0,0.0,0.0,0.0,0.0,0.0,0.0,0.0,0.2857142857142857,0.42857142857142855,0.0,0.7142857142857143,0.2857142857142857,0.0,0.2857142857142857,0.5714285714285714,0.14285714285714285,0.0,0.0,0.0,0.0,0.14285714285714285,0.14285714285714285,0.14285714285714285,0.0,0.5714285714285714,0.0,0.0,0.0,0.14285714285714285,0.14285714285714285,0.0,0.14285714285714285,0.14285714285714285,0.0,0.14285714285714285,0.0,0.0,0.0,0.14285714285714285,0.0,0.0,0.0,0.0,0.0,0.0,0.0,0.0,0.0,0.0,0.0,0.0,0.0,0.0,0.0,0.14285714285714285,0.14285714285714285,0.2857142857142857,0.14285714285714285,0.0,0.42857142857142855,0.0,0.0,0.14285714285714285,0.42857142857142855,0.5714285714285714,0.0,0.0,0.14285714285714285,0.0,0.0,0.14285714285714285,0.0,0.0,0.2857142857142857,0.14285714285714285,0.0,0.0,0.0,0.0,0.0,0.0,0.14285714285714285,0.2857142857142857,0.0,0.0,0.14285714285714285,0.0,0.0,0.2857142857142857,0.0,0.0,0.0,0.0,0.0,0.0,0.0,0.0,0.0,0.0,0.0,0.0,0.0,0.0,0.0,0.0,0.0,0.0,0.0,0.14285714285714285,0.0,0.0,0.0,0.0,0.0,0.0,0.0,0.0,0.0,0.0,0.0,0.0,0.0,0.0,0.0,0.0,0.0,0.0,0.0,0.0,0.0,0.0,0.0,0.0,0.0,0.0,0.0,0.0,0.0,0.0,0.0,0.0,0.0,0.0,0.0,0.0,0.0,0.0,0.0,0.0,0.0
TonB10,0.6666666666666666,0.3333333333333333,0.3333333333333333,0.0,0.16666666666666666,0.3333333333333333,0.0,0.3333333333333333,0.8333333333333334,0.3333333333333333,0.16666666666666666,0.3333333333333333,0.0,0.0,0.5,0.3333333333333333,0.3333333333333333,0.0,0.16666666666666666,0.0,0.0,0.6666666666666666,0.3333333333333333,0.5,0.0,0.0,0.0,0.0,0.3333333333333333,0.6666666666666666,0.0,0.3333333333333333,0.16666666666666666,0.0,0.0,0.3333333333333333,0.6666666666666666,0.0,0.16666666666666666,0.0,0.16666666666666666,0.0,0.0,0.0,0.0,0.0,0.0,0.0,0.0,0.16666666666666666,0.5,0.5,0.6666666666666666,0.16666666666666666,0.16666666666666666,0.0,0.6666666666666666,0.3333333333333333,0.16666666666666666,0.16666666666666666,0.5,0.16666666666666666,0.0,0.3333333333333333,0.3333333333333333,0.3333333333333333,0.0,0.0,0.16666666666666666,0.0,0.3333333333333333,0.3333333333333333,0.0,0.16666666666666666,0.16666666666666666,0.0,0.0,0.3333333333333333,0.8333333333333334,0.5,0.6666666666666666,0.16666666666666666,0.0,0.0,0.16666666666666666,1.0,0.0,0.16666666666666666,0.16666666666666666,0.0,0.0,0.0,0.0,0.0,0.0,0.0,0.0,0.0,0.16666666666666666,0.6666666666666666,0.3333333333333333,0.16666666666666666,0.5,0.16666666666666666,0.0,0.5,0.0,0.3333333333333333,0.16666666666666666,0.16666666666666666,0.16666666666666666,0.0,0.5,0.3333333333333333,0.16666666666666666,0.16666666666666666,0.0,0.16666666666666666,0.0,0.16666666666666666,0.0,0.0,0.0,0.0,0.0,0.0,0.0,0.0,0.0,0.0,0.16666666666666666,0.0,0.0,0.16666666666666666,0.5,0.16666666666666666,0.0,0.0,0.0,0.0,0.0,0.0,0.0,0.0,0.0,0.0,0.0,0.5,0.3333333333333333,0.16666666666666666,0.5,0.16666666666666666,0.16666666666666666,0.0,0.0,0.16666666666666666,0.3333333333333333,0.0,0.3333333333333333,0.0,0.0,0.3333333333333333,0.16666666666666666,0.0,0.0,0.0,0.16666666666666666,0.0,0.16666666666666666,0.0,0.0,0.0,0.0,0.0,0.0,0.0,0.5,0.16666666666666666,0.0,0.0,0.0,0.0,0.0,0.0,0.16666666666666666,0.0,0.0,0.0,0.0,0.0,0.0,0.0,0.0,0.0,0.0,0.0,0.16666666666666666,0.0,0.0,0.0,0.0,0.5,0.0,0.3333333333333333,0.0,0.0,0.5,0.8333333333333334,0.3333333333333333,0.0,0.16666666666666666,0.16666666666666666,0.16666666666666666,0.0,0.0,0.16666666666666666,0.0,0.3333333333333333,0.16666666666666666,0.16666666666666666,0.0,0.5,0.0,0.0,0.0,0.0,0.0,0.16666666666666666,0.0,0.3333333333333333,0.0,0.3333333333333333,0.0,0.16666666666666666,0.0,0.0,0.0,0.0,0.0,0.0,0.0,0.0,0.0,0.0,0.0,0.16666666666666666,0.16666666666666666,0.0,0.16666666666666666,0.5,0.0,0.0,0.3333333333333333,0.6666666666666666,0.0,0.0,0.5,0.8333333333333334,0.0,0.16666666666666666,0.0,0.16666666666666666,0.0,0.0,0.16666666666666666,0.0,0.16666666666666666,0.0,0.0,0.0,0.0,0.16666666666666666,0.0,0.0,0.0,0.0,0.0,0.0,0.16666666666666666,0.0,0.0,0.16666666666666666,0.0,0.0,0.0,0.0,0.0,0.0,0.0,0.0,0.0,0.0,0.0,0.0,0.0,0.0,0.0,0.0,0.0,0.0,0.0,0.0,0.0,0.0,0.0,0.0,0.0,0.0,0.0,0.0,0.0,0.0,0.0,0.0,0.0,0.0,0.0,0.0,0.0,0.0,0.0,0.0,0.0,0.0,0.0,0.0,0.0,0.0,0.0,0.0,0.0,0.0,0.0,0.0,0.0,0.0,0.0,0.0,0.0,0.0,0.0,0.0,0.0
TonB12,0.875,0.5,0.125,0.125,0.125,0.25,0.0,0.125,0.5,0.25,0.0,0.125,0.25,0.0,0.25,0.375,0.25,0.0,0.25,0.0,0.0,0.5,0.25,0.125,0.0,0.125,0.0,0.0,0.25,0.375,0.25,0.125,0.0,0.0,0.0,0.125,0.625,0.0,0.125,0.0,0.0,0.0,0.0,0.125,0.0,0.0,0.0,0.0,0.0,0.25,0.375,0.375,0.25,0.125,0.25,0.125,0.375,0.25,0.5,0.125,0.125,0.125,0.0,0.375,0.375,0.125,0.0,0.125,0.0,0.0,0.125,0.125,0.0,0.0,0.0,0.125,0.0,0.0,1.0,0.125,0.25,0.125,0.0,0.0,0.375,0.625,0.0,0.25,0.25,0.0,0.0,0.125,0.0,0.0,0.0,0.0,0.0,0.0,0.25,0.0,0.375,0.0,0.25,0.0,0.0,0.25,0.125,0.25,0.0,0.25,0.25,0.125,0.25,0.125,0.625,0.125,0.0,0.0,0.0,0.125,0.125,0.0,0.125,0.0,0.0,0.0,0.125,0.0,0.0,0.125,0.125,0.0,0.0,0.0,0.125,0.0,0.0,0.0,0.0,0.0,0.0,0.0,0.0,0.0,0.0,0.0,0.0,0.375,0.375,0.125,0.25,0.125,0.0,0.0,0.25,0.375,0.0,0.0,0.125,0.0,0.0,0.0,0.125,0.0,0.0,0.0,0.0,0.0,0.125,0.125,0.0,0.0,0.0,0.0,0.0,0.125,0.0,0.125,0.0,0.125,0.0,0.0,0.125,0.125,0.0,0.0,0.0,0.0,0.0,0.0,0.0,0.0,0.0,0.0,0.0,0.0,0.125,0.0,0.0,0.0,0.125,0.25,0.0,0.375,0.0,0.0,0.125,0.625,0.375,0.0,0.0,0.25,0.125,0.25,0.0,0.125,0.0,0.25,0.0,0.0,0.125,0.125,0.125,0.0,0.0,0.125,0.0,0.125,0.0,0.125,0.0,0.25,0.0,0.0,0.0,0.0,0.0,0.0,0.0,0.0,0.0,0.0,0.0,0.0,0.0,0.125,0.0,0.125,0.25,0.25,0.125,0.0,0.375,0.25,0.0,0.0,0.25,0.5,0.0,0.0,0.0,0.0,0.0,0.0,0.0,0.0,0.125,0.125,0.0,0.0,0.125,0.0,0.0,0.0,0.0,0.125,0.0,0.0,0.125,0.0,0.0,0.0,0.0,0.0,0.0,0.0,0.0,0.0,0.0,0.0,0.0,0.0,0.0,0.0,0.0,0.0,0.0,0.125,0.0,0.0,0.0,0.0,0.0,0.0,0.125,0.0,0.0,0.0,0.0,0.0,0.0,0.0,0.0,0.0,0.0,0.0,0.0,0.0,0.0,0.0,0.0,0.0,0.0,0.0,0.0,0.0,0.0,0.0,0.0,0.0,0.0,0.0,0.0,0.0,0.0,0.0,0.0,0.0,0.0,0.0,0.0,0.0,0.0
