WT_Pos,WT_AA,Consensus_Global_AA,Support_Pct,Gap_Pct,Entropy_Bits,Is_Conserved,Is_Mutated
1,M,M,66.67,11.11,1.061,True,False
2,T,T,44.44,0.0,2.281,True,False
3,L,L,55.56,0.0,1.88,True,False
4,D,D,66.67,0.0,0.918,True,False
5,L,L,55.56,0.0,1.88,True,False
6,P,P,44.44,0.0,2.059,True,False
7,R,R,88.89,0.0,0.503,True,False
8,R,R,77.78,11.11,0.544,True,False
9,F,F,66.67,11.11,1.061,True,False
10,P,P,66.67,11.11,1.061,True,False
11,W,W,66.67,11.11,0.811,True,False
12,P,P,77.78,0.0,0.986,True,False
13,T,T,77.78,0.0,0.986,True,False
14,L,L,88.89,0.0,0.503,True,False
15,L,L,88.89,0.0,0.503,True,False
16,S,S,100.0,0.0,0.0,True,False
17,V,V,88.89,0.0,0.503,True,False
18,C,C,66.67,0.0,0.918,True,False
19,I,I,66.67,0.0,1.224,True,False
20,H,H,100.0,0.0,0.0,True,False
21,G,G,100.0,0.0,0.0,True,False
22,A,A,100.0,0.0,0.0,True,False
23,V,V,88.89,0.0,0.503,True,False
24,V,V,100.0,0.0,0.0,True,False
25,A,A,66.67,0.0,1.224,True,False
26,G,G,88.89,0.0,0.503,True,False
27,L,L,100.0,0.0,0.0,True,False
28,L,L,88.89,0.0,0.503,True,False
29,Y,Y,66.67,0.0,1.224,True,False
30,T,T,33.33,0.0,2.419,True,False
31,S,S,44.44,0.0,1.753,True,False
32,V,V,66.67,0.0,1.447,True,False
33,H,H,44.44,0.0,2.059,True,False
34,Q,Q,66.67,0.0,1.447,True,False
35,V,V,66.67,0.0,1.447,True,False
36,I,L,33.33,22.22,1.842,False,True
37,E,E,66.67,0.0,1.224,True,False
38,L,L,44.44,0.0,2.059,True,False
39,P,P,55.56,0.0,1.352,True,False
40,A,P,33.33,0.0,2.197,False,True
41,P,A,55.56,0.0,1.352,False,True
42,A,P,55.56,0.0,1.352,False,True
43,Q,Q,44.44,0.0,1.392,True,False
44,P,P,77.78,0.0,0.764,True,False
45,I,I,88.89,0.0,0.503,True,False
46,S,S,77.78,0.0,0.986,True,False
47,V,V,100.0,0.0,0.0,True,False
48,T,T,77.78,0.0,0.986,True,False
49,M,M,66.67,0.0,1.447,True,False
50,V,V,100.0,0.0,0.0,True,False
51,T,T,88.89,0.0,0.503,True,False
52,P,P,88.89,0.0,0.503,True,False
53,A,A,55.56,0.0,1.658,True,False
54,D,D,66.67,0.0,1.224,True,False
55,L,L,55.56,0.0,1.658,True,False
56,E,E,66.67,0.0,1.447,True,False
57,P,Q,33.33,0.0,2.197,False,True
58,P,A,44.44,0.0,2.281,False,True
59,Q,P,55.56,0.0,1.88,False,True
60,A,P,44.44,0.0,2.059,False,True
61,V,V,77.78,22.22,0.0,True,False
62,Q,E,44.44,11.11,1.75,False,True
63,P,P,100.0,0.0,0.0,True,False
64,P,P,55.56,11.11,1.549,True,False
65,P,V,44.44,11.11,1.0,False,True
66,E,E,77.78,0.0,0.986,True,False
67,P,P,100.0,0.0,0.0,True,False
68,V,E,55.56,0.0,1.352,False,True
69,V,P,66.67,0.0,1.224,False,True
70,E,E,55.56,0.0,1.658,True,False
71,P,P,66.67,0.0,1.224,True,False
72,E,E,77.78,0.0,0.986,True,False
73,P,P,88.89,0.0,0.503,True,False
74,E,E,100.0,0.0,0.0,True,False
75,P,P,100.0,0.0,0.0,True,False
76,E,E,100.0,0.0,0.0,True,False
77,P,P,88.89,0.0,0.503,True,False
78,I,E,77.78,0.0,0.986,False,True
79,P,P,88.89,0.0,0.503,True,False
80,E,P,33.33,0.0,1.891,False,True
81,P,K,33.33,0.0,2.113,False,True
82,P,P,33.33,0.0,2.197,True,False
83,K,E,44.44,0.0,2.281,False,True
84,E,E,11.11,88.89,0.0,False,False
85,A,V,22.22,66.67,0.918,False,False
86,P,P,22.22,55.56,1.5,False,False
87,V,V,22.22,22.22,2.236,True,False
88,V,V,33.33,0.0,2.197,True,False
89,I,E,33.33,0.0,1.891,False,True
90,E,E,33.33,0.0,2.419,True,False
91,K,K,77.78,0.0,0.986,True,False
92,P,P,88.89,0.0,0.503,True,False
93,K,K,100.0,0.0,0.0,True,False
94,P,P,88.89,0.0,0.503,True,False
95,K,K,100.0,0.0,0.0,True,False
96,P,P,88.89,0.0,0.503,True,False
97,K,K,100.0,0.0,0.0,True,False
98,P,P,88.89,0.0,0.503,True,False
99,K,K,100.0,0.0,0.0,True,False
100,P,P,100.0,0.0,0.0,True,False
101,K,K,100.0,0.0,0.0,True,False
102,P,P,100.0,0.0,0.0,True,False
103,V,V,66.67,0.0,1.224,True,False
104,K,Q,33.33,0.0,2.419,False,True
105,K,K,44.44,0.0,1.753,True,False
106,V,V,77.78,0.0,0.764,True,False
107,Q,Q,33.33,0.0,1.891,True,False
108,E,Q,44.44,0.0,1.753,False,True
109,Q,V,33.33,0.0,2.419,False,True
110,P,P,33.33,0.0,2.419,True,False
111,K,K,66.67,0.0,1.447,True,False
112,R,V,44.44,0.0,1.837,False,True
113,D,E,44.44,0.0,2.059,False,True
114,V,R,33.33,0.0,2.113,False,True
115,K,K,33.33,0.0,2.419,True,False
116,P,P,44.44,0.0,1.753,True,False
117,V,S,44.44,0.0,1.837,False,True
118,E,S,22.22,0.0,2.725,False,False
119,S,P,44.44,11.11,2.0,False,True
120,R,A,33.33,0.0,2.113,False,True
121,P,E,33.33,0.0,2.113,False,True
122,A,P,66.67,0.0,1.447,False,True
123,S,A,33.33,0.0,2.419,False,True
124,P,P,33.33,0.0,2.197,True,False
125,F,S,22.22,11.11,2.5,False,False
126,E,N,33.33,0.0,2.419,False,True
127,N,A,33.33,0.0,2.419,False,True
128,T,F,55.56,0.0,1.88,False,True
129,A,A,33.33,0.0,2.419,True,False
130,P,P,44.44,0.0,2.059,True,False
131,A,A,44.44,0.0,2.059,True,False
132,R,S,33.33,0.0,2.113,False,True
133,L,A,33.33,0.0,2.197,False,True
134,T,T,44.44,0.0,1.837,True,False
135,S,A,44.44,0.0,1.837,False,True
136,S,S,77.78,0.0,0.986,True,False
137,T,T,66.67,0.0,0.918,True,False
138,A,T,55.56,0.0,1.658,False,True
139,T,T,33.33,0.0,2.197,True,False
140,A,A,33.33,0.0,2.419,True,False
141,A,A,66.67,0.0,1.224,True,False
142,T,A,33.33,0.0,1.891,False,True
143,S,T,33.33,0.0,2.197,False,True
144,K,T,33.33,0.0,1.975,False,True
145,P,S,66.67,0.0,1.224,False,True
146,V,K,33.33,0.0,2.197,False,True
147,T,P,66.67,0.0,0.918,False,True
148,S,K,22.22,0.0,2.503,False,False
149,V,V,44.44,0.0,2.059,True,False
150,A,A,55.56,22.22,0.863,True,False
151,S,S,55.56,0.0,1.436,True,False
152,G,G,77.78,0.0,0.986,True,False
153,P,P,66.67,0.0,1.224,True,False
154,R,R,88.89,0.0,0.503,True,False
155,A,A,22.22,0.0,2.503,True,False
156,L,L,88.89,0.0,0.503,True,False
157,S,S,88.89,0.0,0.503,True,False
158,R,R,88.89,0.0,0.503,True,False
159,N,N,55.56,0.0,1.352,True,False
160,Q,Q,88.89,0.0,0.503,True,False
161,P,P,100.0,0.0,0.0,True,False
162,Q,Q,88.89,0.0,0.503,True,False
163,Y,Y,100.0,0.0,0.0,True,False
164,P,P,100.0,0.0,0.0,True,False
165,A,A,77.78,0.0,0.764,True,False
166,R,R,44.44,0.0,1.392,True,False
167,A,A,100.0,0.0,0.0,True,False
168,Q,Q,77.78,0.0,0.986,True,False
169,A,A,88.89,0.0,0.503,True,False
170,L,L,100.0,0.0,0.0,True,False
171,R,R,100.0,0.0,0.0,True,False
172,I,I,100.0,0.0,0.0,True,False
173,E,E,88.89,0.0,0.503,True,False
174,G,G,100.0,0.0,0.0,True,False
175,Q,Q,100.0,0.0,0.0,True,False
176,V,V,100.0,0.0,0.0,True,False
177,K,K,100.0,0.0,0.0,True,False
178,V,V,100.0,0.0,0.0,True,False
179,K,K,100.0,0.0,0.0,True,False
180,F,F,100.0,0.0,0.0,True,False
181,D,D,100.0,0.0,0.0,True,False
182,V,V,100.0,0.0,0.0,True,False
183,T,T,88.89,0.0,0.503,True,False
184,P,P,88.89,0.0,0.503,True,False
185,D,D,100.0,0.0,0.0,True,False
186,G,G,88.89,0.0,0.503,True,False
187,R,R,100.0,0.0,0.0,True,False
188,V,V,100.0,0.0,0.0,True,False
189,D,D,88.89,0.0,0.503,True,False
190,N,N,100.0,0.0,0.0,True,False
191,V,V,100.0,0.0,0.0,True,False
192,Q,Q,100.0,0.0,0.0,True,False
193,I,I,100.0,0.0,0.0,True,False
194,L,L,100.0,0.0,0.0,True,False
195,S,S,100.0,0.0,0.0,True,False
196,A,A,100.0,0.0,0.0,True,False
197,K,K,88.89,0.0,0.503,True,False
198,P,P,88.89,0.0,0.503,True,False
199,A,A,88.89,0.0,0.503,True,False
200,N,N,88.89,0.0,0.503,True,False
201,M,M,88.89,0.0,0.503,True,False
202,F,F,100.0,0.0,0.0,True,False
203,E,E,100.0,0.0,0.0,True,False
204,R,R,100.0,0.0,0.0,True,False
205,E,E,100.0,0.0,0.0,True,False
206,V,V,100.0,0.0,0.0,True,False
207,K,K,100.0,0.0,0.0,True,False
208,N,N,100.0,0.0,0.0,True,False
209,A,A,100.0,0.0,0.0,True,False
210,M,M,100.0,0.0,0.0,True,False
211,R,R,100.0,0.0,0.0,True,False
212,R,R,88.89,0.0,0.503,True,False
213,W,W,100.0,0.0,0.0,True,False
214,R,R,100.0,0.0,0.0,True,False
215,Y,Y,100.0,0.0,0.0,True,False
216,E,E,100.0,0.0,0.0,True,False
217,P,P,100.0,0.0,0.0,True,False
218,G,G,100.0,0.0,0.0,True,False
219,K,K,77.78,0.0,0.764,True,False
220,P,P,100.0,0.0,0.0,True,False
221,G,G,100.0,0.0,0.0,True,False
222,S,S,55.56,0.0,1.658,True,False
223,G,G,77.78,0.0,0.764,True,False
224,I,V,44.44,0.0,1.53,False,True
225,V,V,100.0,0.0,0.0,True,False
226,V,V,77.78,0.0,0.764,True,False
227,N,N,66.67,0.0,1.224,True,False
228,I,I,100.0,0.0,0.0,True,False
229,L,L,77.78,0.0,0.764,True,False
230,F,F,100.0,0.0,0.0,True,False
231,K,K,100.0,0.0,0.0,True,False
232,I,I,77.78,11.11,0.544,True,False
233,N,N,88.89,0.0,0.503,True,False
234,G,G,88.89,0.0,0.503,True,False
235,T,T,66.67,0.0,1.224,True,False
236,T,T,88.89,0.0,0.503,True,False
237,E,E,77.78,0.0,0.986,True,False
238,I,I,100.0,0.0,0.0,True,False
239,Q,Q,88.89,11.11,0.0,True,False
