WT_Pos, WT_AA, Consensus_Global_AA, Support_Pct, Gap_Pct, Entropy_Bits, Is_Conserved, Is_Mutated
     1, M    , T                  ,       11.76,   17.65,        3.522, False       , False
     2, T    , D                  ,       35.29,    5.88,        2.18 , False       , True
     3, L    , L                  ,       41.18,    0.0 ,        1.902, True        , False
     4, D    , R                  ,       23.53,    0.0 ,        2.911, False       , False
     5, L    , Q                  ,       17.65,    0.0 ,        3.22 , False       , False
     6, P    , P                  ,       29.41,    0.0 ,        2.727, True        , False
     7, R    , R                  ,       23.53,    0.0 ,        2.94 , True        , False
     8, R    , R                  ,       58.82,    0.0 ,        1.898, True        , False
     9, F    , P                  ,       52.94,    0.0 ,        1.939, False       , True
    10, P    , R                  ,       29.41,    0.0 ,        2.934, False       , False
    11, W    , S                  ,       23.53,    0.0 ,        2.749, False       , False
    12, P    , P                  ,       23.53,   35.29,        2.118, True        , False
    13, T    , T                  ,       17.65,    0.0 ,        3.131, True        , False
    14, L    , L                  ,       52.94,    0.0 ,        2.174, True        , False
    15, L    , L                  ,       35.29,    0.0 ,        2.352, True        , False
    16, S    , S                  ,       64.71,    0.0 ,        1.731, True        , False
    17, V    , V                  ,       70.59,    0.0 ,        1.557, True        , False
    18, C    , L                  ,       58.82,    0.0 ,        1.898, False       , True
    19, I    , L                  ,       52.94,    0.0 ,        2.174, False       , True
    20, H    , H                  ,      100.0 ,    0.0 ,        0.0  , True        , False
    21, G    , A                  ,       47.06,    0.0 ,        1.875, False       , True
    22, A    , A                  ,       41.18,    0.0 ,        1.739, True        , False
    23, V    , V                  ,       52.94,    0.0 ,        1.609, True        , False
    24, V    , I                  ,       35.29,    0.0 ,        2.145, False       , True
    25, A    , A                  ,       47.06,    0.0 ,        2.087, True        , False
    26, G    , G                  ,       41.18,    5.88,        1.85 , True        , False
    27, L    , L                  ,       47.06,    0.0 ,        1.925, True        , False
    28, L    , L                  ,       29.41,    0.0 ,        2.699, True        , False
    29, Y    , Y                  ,       41.18,    0.0 ,        2.181, True        , False
    30, T    , A                  ,       17.65,    0.0 ,        3.337, False       , False
    31, S    , S                  ,       23.53,    0.0 ,        2.984, True        , False
    32, V    , M                  ,       17.65,    0.0 ,        3.013, False       , False
    33, H    , V                  ,       23.53,    0.0 ,        3.102, False       , False
    34, Q    , T                  ,       17.65,    0.0 ,        3.131, False       , False
    35, V    , E                  ,       35.29,    0.0 ,        2.778, False       , True
    36, I    , P                  ,       23.53,    0.0 ,        2.984, False       , False
    37, E    , E                  ,       35.29,    0.0 ,        2.587, True        , False
    38, L    , V                  ,       52.94,    0.0 ,        2.13 , False       , True
    39, P    , P                  ,       35.29,    0.0 ,        2.469, True        , False
    40, A    , E                  ,       29.41,   23.53,        2.288, False       , False
    41, P    , A                  ,       23.53,    0.0 ,        2.94 , False       , False
    42, A    , P                  ,       70.59,    0.0 ,        1.439, False       , True
    43, Q    , P                  ,       23.53,    0.0 ,        2.822, False       , False
    44, P    , P                  ,       47.06,    0.0 ,        1.999, True        , False
    45, I    , I                  ,       52.94,    0.0 ,        1.253, True        , False
    46, S    , T                  ,       41.18,    0.0 ,        2.343, False       , True
    47, V    , V                  ,      100.0 ,    0.0 ,        0.0  , True        , False
    48, T    , T                  ,       35.29,    0.0 ,        2.375, True        , False
    49, M    , L                  ,       47.06,    0.0 ,        1.808, False       , True
    50, V    , V                  ,       76.47,    0.0 ,        0.787, True        , False
    51, T    , T                  ,       47.06,    0.0 ,        1.763, True        , False
    52, P    , P                  ,       64.71,    5.88,        0.896, True        , False
    53, A    , A                  ,       35.29,    0.0 ,        2.263, True        , False
    54, D    , E                  ,       47.06,    0.0 ,        2.087, False       , True
    55, L    , L                  ,       47.06,    0.0 ,        2.278, True        , False
    56, E    , E                  ,       17.65,    0.0 ,        3.337, True        , False
    57, P    , P                  ,       35.29,    0.0 ,        2.542, True        , False
    58, P    , A                  ,       29.41,    0.0 ,        2.772, False       , False
    59, Q    , P                  ,       23.53,    0.0 ,        2.631, False       , False
    60, A    , P                  ,       47.06,    0.0 ,        2.087, False       , True
    61, V    , P                  ,       41.18,    0.0 ,        2.249, False       , True
    62, Q    , V                  ,       17.65,   70.59,        1.371, False       , False
    63, P    , P                  ,       29.41,   11.76,        2.366, True        , False
    64, P    , P                  ,       35.29,    5.88,        1.936, True        , False
    65, P    , P                  ,       70.59,    0.0 ,        1.16 , True        , False
    66, E    , E                  ,       70.59,    0.0 ,        1.086, True        , False
    67, P    , P                  ,       64.71,    0.0 ,        1.452, True        , False
    68, V    , V                  ,       52.94,    0.0 ,        1.821, True        , False
    69, V    , E                  ,       29.41,    0.0 ,        2.486, False       , False
    70, E    , E                  ,       70.59,    0.0 ,        1.086, True        , False
    71, P    , P                  ,       88.24,    5.88,        0.337, True        , False
    72, E    , E                  ,       70.59,    0.0 ,        1.322, True        , False
    73, P    , P                  ,       58.82,    0.0 ,        1.78 , True        , False
    74, E    , E                  ,       76.47,    0.0 ,        1.022, True        , False
    75, P    , P                  ,       76.47,    0.0 ,        1.258, True        , False
    76, E    , E                  ,       70.59,    0.0 ,        1.277, True        , False
    77, P    , P                  ,       88.24,   11.76,        0.0  , True        , False
    78, I    , E                  ,       58.82,    0.0 ,        1.663, False       , True
    79, P    , P                  ,       35.29,    0.0 ,        2.116, True        , False
    80, E    , E                  ,       82.35,    0.0 ,        0.952, True        , False
    81, P    , P                  ,       64.71,    0.0 ,        1.378, True        , False
    82, P    , E                  ,       41.18,    0.0 ,        2.013, False       , True
    83, K    , P                  ,       41.18,    0.0 ,        2.416, False       , True
    84, E    , V                  ,       29.41,    0.0 ,        2.772, False       , False
    85, A    , P                  ,       29.41,    0.0 ,        2.375, False       , False
    86, P    , E                  ,       35.29,    0.0 ,        2.469, False       , True
    87, V    , V                  ,       47.06,    0.0 ,        2.323, True        , False
    88, V    , V                  ,       52.94,    0.0 ,        2.13 , True        , False
    89, I    , K                  ,       41.18,   23.53,        1.669, False       , True
    90, E    , P                  ,       41.18,   11.76,        2.146, False       , True
    91, K    , K                  ,       76.47,    5.88,        0.993, True        , False
    92, P    , P                  ,       94.12,    0.0 ,        0.323, True        , False
    93, K    , K                  ,       88.24,    0.0 ,        0.64 , True        , False
    94, P    , P                  ,       94.12,    0.0 ,        0.323, True        , False
    95, K    , K                  ,       88.24,    0.0 ,        0.64 , True        , False
    96, P    , P                  ,       76.47,    0.0 ,        1.258, True        , False
    97, K    , K                  ,       88.24,    0.0 ,        0.64 , True        , False
    98, P    , P                  ,       64.71,    0.0 ,        1.614, True        , False
    99, K    , K                  ,       70.59,    0.0 ,        0.874, True        , False
   100, P    , K                  ,       35.29,    0.0 ,        2.587, False       , True
   101, K    , K                  ,       76.47,    0.0 ,        1.14 , True        , False
   102, P    , P                  ,       52.94,    0.0 ,        2.056, True        , False
   103, V    , V                  ,       70.59,    0.0 ,        1.439, True        , False
   104, K    , K                  ,       35.29,   35.29,        1.617, True        , False
   105, K    , K                  ,       70.59,    5.88,        0.811, True        , False
   106, V    , V                  ,       47.06,    5.88,        2.078, True        , False
   107, Q    , V                  ,       47.06,    0.0 ,        2.116, False       , True
   108, E    , K                  ,       52.94,    0.0 ,        1.821, False       , True
   109, Q    , K                  ,       64.71,    0.0 ,        1.614, False       , True
   110, P    , P                  ,       35.29,    0.0 ,        2.425, True        , False
   111, K    , P                  ,       17.65,   17.65,        2.842, False       , False
   112, R    , K                  ,       47.06,    5.88,        2.125, False       , True
   113, D    , Q                  ,       23.53,    5.88,        2.781, False       , False
   114, V    , V                  ,       52.94,    5.88,        2.092, True        , False
   115, K    , E                  ,       47.06,    0.0 ,        1.993, False       , True
   116, P    , P                  ,       70.59,    0.0 ,        1.439, True        , False
   117, V    , V                  ,       29.41,    0.0 ,        2.419, True        , False
   118, E    , V                  ,       23.53,   17.65,        2.414, False       , False
   119, S    , K                  ,       23.53,    5.88,        2.781, False       , False
   120, R    , K                  ,       35.29,    5.88,        2.483, False       , True
   121, P    , K                  ,       29.41,    5.88,        2.649, False       , False
   122, A    , Y                  ,       17.65,    0.0 ,        3.131, False       , False
   123, S    , D                  ,       17.65,    0.0 ,        3.102, False       , False
   124, P    , P                  ,       82.35,    0.0 ,        0.952, True        , False
   125, F    , A                  ,       23.53,    0.0 ,        2.749, False       , False
   126, E    , A                  ,       23.53,    0.0 ,        2.984, False       , False
   127, N    , S                  ,       29.41,    0.0 ,        2.442, False       , False
   128, T    , P                  ,       29.41,    0.0 ,        2.699, False       , False
   129, A    , A                  ,       52.94,    0.0 ,        1.703, True        , False
   130, P    , A                  ,       29.41,    0.0 ,        2.581, False       , False
   131, A    , A                  ,       35.29,    0.0 ,        2.94 , True        , False
   132, R    , A                  ,       23.53,    0.0 ,        3.22 , False       , False
   133, L    , A                  ,       47.06,    0.0 ,        2.087, False       , True
   134, T    , S                  ,       58.82,    0.0 ,        1.333, False       , True
   135, S    , S                  ,       35.29,    0.0 ,        2.498, True        , False
   136, S    , T                  ,       47.06,    0.0 ,        1.646, False       , True
   137, T    , S                  ,       29.41,    0.0 ,        2.346, False       , False
   138, A    , S                  ,       23.53,    0.0 ,        3.102, False       , False
   139, T    , S                  ,       35.29,    0.0 ,        2.234, False       , True
   140, A    , T                  ,       29.41,    0.0 ,        2.442, False       , False
   141, A    , A                  ,       41.18,    0.0 ,        1.969, True        , False
   142, T    , A                  ,       41.18,    0.0 ,        1.739, False       , True
   143, S    , T                  ,       23.53,   35.29,        1.573, False       , False
   144, K    , A                  ,       29.41,   17.65,        2.264, False       , False
   145, P    , P                  ,       82.35,    5.88,        0.669, True        , False
   146, V    , V                  ,       23.53,    0.0 ,        2.778, True        , False
   147, T    , A                  ,       35.29,    0.0 ,        2.336, False       , True
   148, S    , S                  ,       35.29,    0.0 ,        2.66 , True        , False
   149, V    , S                  ,       29.41,    0.0 ,        2.346, False       , False
   150, A    , S                  ,       41.18,    0.0 ,        1.658, False       , True
   151, S    , A                  ,       29.41,   29.41,        1.825, False       , False
   152, G    , S                  ,       23.53,   23.53,        2.565, False       , False
   153, P    , P                  ,       82.35,    0.0 ,        0.952, True        , False
   154, R    , N                  ,       23.53,    0.0 ,        2.793, False       , False
   155, A    , A                  ,       52.94,    0.0 ,        2.174, True        , False
   156, L    , S                  ,       17.65,    0.0 ,        3.455, False       , False
   157, S    , V                  ,       29.41,    0.0 ,        2.699, False       , False
   158, R    , N                  ,       23.53,   11.76,        2.606, False       , False
   159, N    , A                  ,       35.29,    0.0 ,        2.66 , False       , True
   160, Q    , S                  ,       23.53,    0.0 ,        2.66 , False       , False
   161, P    , P                  ,       64.71,    0.0 ,        1.849, True        , False
   162, Q    , R                  ,       23.53,    0.0 ,        2.94 , False       , False
   163, Y    , Y                  ,       94.12,    0.0 ,        0.323, True        , False
   164, P    , P                  ,       82.35,    0.0 ,        0.834, True        , False
   165, A    , A                  ,       41.18,    0.0 ,        2.461, True        , False
   166, R    , A                  ,       35.29,    0.0 ,        2.616, False       , True
   167, A    , A                  ,       88.24,    0.0 ,        0.64 , True        , False
   168, Q    , R                  ,       41.18,    0.0 ,        2.343, False       , True
   169, A    , R                  ,       35.29,    0.0 ,        2.19 , False       , True
   170, L    , M                  ,       29.41,    0.0 ,        2.816, False       , False
   171, R    , R                  ,       47.06,    0.0 ,        2.087, True        , False
   172, I    , V                  ,       41.18,    0.0 ,        2.019, False       , True
   173, E    , E                  ,       35.29,    0.0 ,        2.425, True        , False
   174, G    , G                  ,       88.24,    0.0 ,        0.64 , True        , False
   175, Q    , Q                  ,       29.41,    0.0 ,        3.007, True        , False
   176, V    , V                  ,       76.47,    0.0 ,        1.258, True        , False
   177, K    , K                  ,       41.18,    0.0 ,        2.534, True        , False
   178, V    , V                  ,       82.35,    0.0 ,        0.952, True        , False
   179, K    , K                  ,       41.18,    0.0 ,        2.579, True        , False
   180, F    , F                  ,       94.12,    0.0 ,        0.323, True        , False
   181, D    , D                  ,       47.06,    0.0 ,        1.875, True        , False
   182, V    , V                  ,       76.47,    0.0 ,        1.258, True        , False
   183, T    , D                  ,       47.06,    0.0 ,        1.925, False       , True
   184, P    , S                  ,       29.41,    0.0 ,        2.133, False       , False
   185, D    , D                  ,       64.71,    0.0 ,        1.614, True        , False
   186, G    , G                  ,       70.59,    0.0 ,        1.439, True        , False
   187, R    , R                  ,       35.29,    0.0 ,        2.469, True        , False
   188, V    , V                  ,       76.47,    0.0 ,        1.258, True        , False
   189, D    , T                  ,       23.53,    0.0 ,        2.822, False       , False
   190, N    , N                  ,       35.29,    0.0 ,        2.705, True        , False
   191, V    , I                  ,       41.18,    0.0 ,        1.902, False       , True
   192, Q    , Q                  ,       47.06,    0.0 ,        2.087, True        , False
   193, I    , V                  ,       52.94,    0.0 ,        1.497, False       , True
   194, L    , L                  ,       35.29,    0.0 ,        2.492, True        , False
   195, S    , S                  ,       52.94,    0.0 ,        1.821, True        , False
   196, A    , S                  ,       29.41,    0.0 ,        2.816, False       , False
   197, K    , Q                  ,       29.41,    0.0 ,        2.89 , False       , False
   198, P    , P                  ,       52.94,    0.0 ,        2.174, True        , False
   199, A    , A                  ,       17.65,    0.0 ,        3.175, True        , False
   200, N    , D                  ,       17.65,    0.0 ,        3.455, False       , False
   201, M    , I                  ,       23.53,   11.76,        2.257, False       , False
   202, F    , F                  ,       94.12,    0.0 ,        0.323, True        , False
   203, E    , D                  ,       35.29,    0.0 ,        2.263, False       , True
   204, R    , R                  ,       29.41,    0.0 ,        2.699, True        , False
   205, E    , A                  ,       47.06,    0.0 ,        1.993, False       , True
   206, V    , V                  ,       47.06,    0.0 ,        1.646, True        , False
   207, K    , L                  ,       41.18,    0.0 ,        2.013, False       , True
   208, N    , K                  ,       23.53,    0.0 ,        2.705, False       , False
   209, A    , A                  ,       76.47,    0.0 ,        0.978, True        , False
   210, M    , M                  ,       52.94,    0.0 ,        1.609, True        , False
   211, R    , K                  ,       47.06,    0.0 ,        1.875, False       , True
   212, R    , R                  ,       41.18,    0.0 ,        2.013, True        , False
   213, W    , W                  ,       88.24,    0.0 ,        0.523, True        , False
   214, R    , R                  ,       58.82,    0.0 ,        1.45 , True        , False
   215, Y    , Y                  ,       82.35,    0.0 ,        0.834, True        , False
   216, E    , Q                  ,       29.41,    0.0 ,        2.537, False       , False
   217, P    , P                  ,       58.82,    0.0 ,        2.133, True        , False
   218, G    , G                  ,       47.06,    0.0 ,        2.558, True        , False
   219, K    , Q                  ,       35.29,    0.0 ,        2.778, False       , True
   220, P    , G                  ,       23.53,    0.0 ,        2.984, False       , False
   221, G    , G                  ,       23.53,    0.0 ,        3.102, True        , False
   222, S    , V                  ,       23.53,    0.0 ,        2.631, False       , False
   223, G    , G                  ,       29.41,    0.0 ,        3.052, True        , False
   224, I    , V                  ,       52.94,    0.0 ,        1.447, False       , True
   225, V    , Q                  ,       23.53,    0.0 ,        2.66 , False       , False
   226, V    , I                  ,       41.18,    0.0 ,        2.013, False       , True
   227, N    , D                  ,       23.53,    0.0 ,        3.102, False       , False
   228, I    , I                  ,       58.82,    0.0 ,        1.45 , True        , False
   229, L    , E                  ,       17.65,    0.0 ,        3.175, False       , False
   230, F    , F                  ,       82.35,    0.0 ,        0.834, True        , False
   231, K    , K                  ,       41.18,    0.0 ,        2.254, True        , False
   232, I    , I                  ,       35.29,    0.0 ,        2.307, True        , False
   233, N    , D                  ,       47.06,    0.0 ,        2.323, False       , True
   234, G    , G                  ,       47.06,    0.0 ,        1.97 , True        , False
   235, T    , G                  ,       23.53,    0.0 ,        3.029, False       , False
   236, T    , V                  ,       41.18,    0.0 ,        2.534, False       , True
   237, E    , V                  ,       35.29,    0.0 ,        2.66 , False       , True
   238, I    , V                  ,       35.29,    0.0 ,        2.257, False       , True
   239, Q    , Q                  ,       17.65,   17.65,        2.842, True        , False
