run_id,N_seq,L_aln,effective_L,C_mean,H_mean,pos_conserved,pos_critical,top_conserved
seed8_152859,300,241,241,0.8584094052558783,0.5194286083550952,171,146,"[(5, 'L', np.float64(1.0)), (6, 'P', np.float64(1.0)), (9, 'F', np.float64(1.0)), (10, 'P', np.float64(1.0)), (11, 'W', np.float64(1.0)), (12, 'P', np.float64(1.0)), (16, 'S', np.float64(1.0)), (20, 'H', np.float64(1.0)), (21, 'G', np.float64(1.0)), (22, 'A', np.float64(1.0))]"
seed7_133607,300,243,243,0.8659807956104253,0.4986386514150962,182,155,"[(5, 'L', np.float64(1.0)), (6, 'P', np.float64(1.0)), (9, 'F', np.float64(1.0)), (10, 'P', np.float64(1.0)), (12, 'W', np.float64(1.0)), (15, 'L', np.float64(1.0)), (16, 'S', np.float64(1.0)), (17, 'V', np.float64(1.0)), (20, 'H', np.float64(1.0)), (21, 'G', np.float64(1.0))]"
seed4_182956,300,245,245,0.8840272108843537,0.4211276096689149,188,167,"[(1, 'M', np.float64(1.0)), (6, 'P', np.float64(1.0)), (7, 'R', np.float64(1.0)), (8, 'R', np.float64(1.0)), (9, 'P', np.float64(1.0)), (12, 'P', np.float64(1.0)), (13, 'T', np.float64(1.0)), (14, 'L', np.float64(1.0)), (16, 'S', np.float64(1.0)), (20, 'H', np.float64(1.0))]"
seed12_200638,300,237,237,0.9422503516174402,0.20862171782177388,205,195,"[(3, 'L', np.float64(1.0)), (4, 'P', np.float64(1.0)), (6, 'F', np.float64(1.0)), (8, 'H', np.float64(1.0)), (9, 'R', np.float64(1.0)), (10, 'R', np.float64(1.0)), (11, 'P', np.float64(1.0)), (12, 'W', np.float64(1.0)), (13, 'L', np.float64(1.0)), (14, 'L', np.float64(1.0))]"
seed11_123046,300,241,241,0.9234578146611342,0.27056245185431815,204,189,"[(5, 'D', np.float64(1.0)), (7, 'R', np.float64(1.0)), (9, 'F', np.float64(1.0)), (10, 'P', np.float64(1.0)), (11, 'W', np.float64(1.0)), (12, 'P', np.float64(1.0)), (13, 'T', np.float64(1.0)), (15, 'L', np.float64(1.0)), (16, 'S', np.float64(1.0)), (18, 'C', np.float64(1.0))]"
seed1_124629,300,241,241,0.8392946058091285,0.608574631080044,161,138,"[(7, 'P', np.float64(1.0)), (10, 'P', np.float64(1.0)), (11, 'W', np.float64(1.0)), (16, 'S', np.float64(1.0)), (20, 'H', np.float64(1.0)), (23, 'V', np.float64(1.0)), (29, 'Y', np.float64(1.0)), (40, 'P', np.float64(1.0)), (44, 'P', np.float64(1.0)), (47, 'V', np.float64(1.0))]"
seed9_141149,300,241,241,0.8450345781466113,0.5409019735625621,159,135,"[(8, 'P', np.float64(1.0)), (11, 'W', np.float64(1.0)), (12, 'P', np.float64(1.0)), (16, 'S', np.float64(1.0)), (20, 'H', np.float64(1.0)), (21, 'G', np.float64(1.0)), (22, 'A', np.float64(1.0)), (23, 'V', np.float64(1.0)), (24, 'V', np.float64(1.0)), (30, 'M', np.float64(1.0))]"
seed0_112101,300,242,242,0.8466666666666666,0.5627999823840782,164,139,"[(10, 'P', np.float64(1.0)), (16, 'S', np.float64(1.0)), (20, 'H', np.float64(1.0)), (21, 'G', np.float64(1.0)), (27, 'L', np.float64(1.0)), (38, 'P', np.float64(1.0)), (41, 'P', np.float64(1.0)), (44, 'P', np.float64(1.0)), (45, 'I', np.float64(1.0)), (47, 'V', np.float64(1.0))]"
seed6_114446,300,241,241,0.8425449515905947,0.6073698937600177,162,134,"[(1, 'M', np.float64(1.0)), (6, 'P', np.float64(1.0)), (8, 'R', np.float64(1.0)), (11, 'W', np.float64(1.0)), (12, 'P', np.float64(1.0)), (13, 'T', np.float64(1.0)), (16, 'S', np.float64(1.0)), (20, 'H', np.float64(1.0)), (21, 'G', np.float64(1.0)), (23, 'V', np.float64(1.0))]"
seed5_205115,300,245,245,0.887687074829932,0.3839190730159157,185,168,"[(6, 'R', np.float64(1.0)), (7, 'P', np.float64(1.0)), (8, 'R', np.float64(1.0)), (9, 'F', np.float64(1.0)), (10, 'P', np.float64(1.0)), (11, 'W', np.float64(1.0)), (13, 'T', np.float64(1.0)), (14, 'P', np.float64(1.0)), (16, 'S', np.float64(1.0)), (18, 'L', np.float64(1.0))]"
